,债券唯一标识(年份-季度-证券代码),债券评级发布时间(中诚信国际信用评级有限责任公司),债券评级评级类型(中诚信国际信用评级有限责任公司),债券评级信用等级(中诚信国际信用评级有限责任公司),债券评级评估机构(中诚信国际信用评级有限责任公司),债券评级投资等级(中诚信国际信用评级有限责任公司),债券评级等级含义(中诚信国际信用评级有限责任公司),债券评级发布时间(联合资信评估有限公司),债券评级评级类型(联合资信评估有限公司),债券评级信用等级(联合资信评估有限公司),债券评级评估机构(联合资信评估有限公司),债券评级投资等级(联合资信评估有限公司),债券评级等级含义(联合资信评估有限公司),债券评级发布时间(大公国际资信评估有限公司),债券评级评级类型(大公国际资信评估有限公司),债券评级信用等级(大公国际资信评估有限公司),债券评级评估机构(大公国际资信评估有限公司),债券评级投资等级(大公国际资信评估有限公司),债券评级等级含义(大公国际资信评估有限公司),债券评级发布时间(上海新世纪资信评估投资服务有限公司),债券评级评级类型(上海新世纪资信评估投资服务有限公司),债券评级信用等级(上海新世纪资信评估投资服务有限公司),债券评级评估机构(上海新世纪资信评估投资服务有限公司),债券评级投资等级(上海新世纪资信评估投资服务有限公司),债券评级等级含义(上海新世纪资信评估投资服务有限公司),债券评级发布时间(东方金诚国际信用评估有限公司),债券评级评级类型(东方金诚国际信用评估有限公司),债券评级信用等级(东方金诚国际信用评估有限公司),债券评级评估机构(东方金诚国际信用评估有限公司),债券评级投资等级(东方金诚国际信用评估有限公司),债券评级等级含义(东方金诚国际信用评估有限公司)
0,2012-2-041154003.IB,,,,,,,,,,,,,20120411,短期信用评级,A-1,大公国际资信评估有限公司,投资级,为最高级短期债券，其还本付息能力最强，安全性最高。,,,,,,,,,,,,
1,2011-2-041159006.IB,,,,,,,20110523,短期信用评级,A-1,联合资信评估有限公司,投资级,A-1级短期债为最高级短期债，其还本付息能力最强，安全性最高。,,,,,,,,,,,,,,,,,,
2,2012-3-041158006.IB,,,,,,,,,,,,,,,,,,,20120926,短期信用评级,A-2,上海新世纪资信评估投资服务有限公司,投资级,还本付息能力较强，安全性较高。,,,,,,
3,2012-2-011219001.IB,,,,,,,,,,,,,20120625,短期信用评级,A-1,大公国际资信评估有限公司,投资级,为最高级短期债券，其还本付息能力最强，安全性最高。,,,,,,,,,,,,
4,2012-4-041158026.IB,,,,,,,20121226,短期信用评级,A-1,联合资信评估有限公司,投资级,A-1级短期债为最高级短期债，其还本付息能力最强，安全性最高。,,,,,,,,,,,,,,,,,,
5,2012-2-041152012.IB,,,,,,,,,,,,,20120531,短期信用评级,A-1,大公国际资信评估有限公司,投资级,为最高级短期债券，其还本付息能力最强，安全性最高。,,,,,,,,,,,,
6,2012-2-041156001.IB,,,,,,,,,,,,,20120627,短期信用评级,A-1,大公国际资信评估有限公司,投资级,为最高级短期债券，其还本付息能力最强，安全性最高。,,,,,,,,,,,,
7,2012-3-041153003.IB,20120702,短期信用评级,A-1,中诚信国际信用评级有限责任公司,投资级,为最高短期信用等级，其还本付息能力很强，安全性很高,,,,,,,,,,,,,,,,,,,,,,,,
8,2012-2-041159004.IB,20120626,短期信用评级,A-1,中诚信国际信用评级有限责任公司,投资级,为最高短期信用等级，其还本付息能力很强，安全性很高,,,,,,,,,,,,,,,,,,,,,,,,
9,2011-3-041159007.IB,,,,,,,20110728,短期信用评级,A-1,联合资信评估有限公司,投资级,A-1级短期债为最高级短期债，其还本付息能力最强，安全性最高。,,,,,,,,,,,,,,,,,,
10,2017-1-011760021.IB,,,,,,,,,,,,,20170217,短期信用评级,A-1,大公国际资信评估有限公司,投资级,为最高级短期债券，其还本付息能力最强，安全性最高。,,,,,,,,,,,,
11,2011-4-041159014.IB,,,,,,,20111012,短期信用评级,A-1,联合资信评估有限公司,投资级,A-1级短期债为最高级短期债，其还本付息能力最强，安全性最高。,,,,,,,,,,,,,,,,,,
12,2011-3-041156006.IB,,,,,,,20110916,短期信用评级,A-1,联合资信评估有限公司,投资级,A-1级短期债为最高级短期债，其还本付息能力最强，安全性最高。,,,,,,,,,,,,,,,,,,
13,2011-3-041153009.IB,,,,,,,,,,,,,,,,,,,20110906,短期信用评级,A-1,上海新世纪资信评估投资服务有限公司,投资级,最高级短期债券，其还本付息能力最强，安全性最高。,,,,,,
14,2012-1-041154006.IB,,,,,,,,,,,,,20120224,短期信用评级,A-1,大公国际资信评估有限公司,投资级,为最高级短期债券，其还本付息能力最强，安全性最高。,,,,,,,,,,,,
15,2012-2-041156004.IB,,,,,,,,,,,,,20120626,短期信用评级,A-1,大公国际资信评估有限公司,投资级,为最高级短期债券，其还本付息能力最强，安全性最高。,,,,,,,,,,,,
16,2012-3-041152004.IB,,,,,,,20120720,短期信用评级,A-1,联合资信评估有限公司,投资级,A-1级短期债为最高级短期债，其还本付息能力最强，安全性最高。,,,,,,,,,,,,,,,,,,
17,2012-3-041152007.IB,,,,,,,20120802,短期信用评级,A-1,联合资信评估有限公司,投资级,A-1级短期债为最高级短期债，其还本付息能力最强，安全性最高。,,,,,,,,,,,,,,,,,,
18,2011-3-041152003.IB,20110905,短期信用评级,A-1,中诚信国际信用评级有限责任公司,投资级,为最高短期信用等级，其还本付息能力很强，安全性很高,,,,,,,,,,,,,,,,,,,,,,,,
19,2012-2-041158020.IB,20120627,短期信用评级,A-1,中诚信国际信用评级有限责任公司,投资级,为最高短期信用等级，其还本付息能力很强，安全性很高,,,,,,,,,,,,,,,,,,,,,,,,
20,2011-4-041159017.IB,,,,,,,20111025,短期信用评级,A-1,联合资信评估有限公司,投资级,A-1级短期债为最高级短期债，其还本付息能力最强，安全性最高。,,,,,,,,,,,,,,,,,,
21,2011-3-041151003.IB,20110907,短期信用评级,A-1,中诚信国际信用评级有限责任公司,投资级,为最高短期信用等级，其还本付息能力很强，安全性很高,,,,,,,,,,,,,,,,,,,,,,,,
22,2012-3-041156008.IB,,,,,,,20120801,短期信用评级,A-1,联合资信评估有限公司,投资级,A-1级短期债为最高级短期债，其还本付息能力最强，安全性最高。,,,,,,,,,,,,,,,,,,
23,2011-4-041152015.IB,20111012,短期信用评级,A-1,中诚信国际信用评级有限责任公司,投资级,为最高短期信用等级，其还本付息能力很强，安全性很高,,,,,,,,,,,,,,,,,,,,,,,,
24,2011-3-041158015.IB,20110923,短期信用评级,A-1,中诚信国际信用评级有限责任公司,投资级,为最高短期信用等级，其还本付息能力很强，安全性很高,,,,,,,,,,,,,,,,,,,,,,,,
25,2012-4-041158015.IB,20121115,短期信用评级,A-1,中诚信国际信用评级有限责任公司,投资级,为最高短期信用等级，其还本付息能力很强，安全性很高,,,,,,,,,,,,,,,,,,,,,,,,
26,2011-2-041158005.IB,20110516,短期信用评级,A-1,中诚信国际信用评级有限责任公司,投资级,为最高短期信用等级，其还本付息能力很强，安全性很高,,,,,,,,,,,,,,,,,,,,,,,,
27,2011-3-041154007.IB,,,,,,,,,,,,,20110824,短期信用评级,A-1,大公国际资信评估有限公司,投资级,为最高级短期债券，其还本付息能力最强，安全性最高。,,,,,,,,,,,,
28,2012-2-041159009.IB,20120615,短期信用评级,A-1,中诚信国际信用评级有限责任公司,投资级,为最高短期信用等级，其还本付息能力很强，安全性很高,,,,,,,,,,,,,,,,,,,,,,,,
29,2012-3-011219002.IB,,,,,,,,,,,,,20120711,短期信用评级,A-1,大公国际资信评估有限公司,投资级,为最高级短期债券，其还本付息能力最强，安全性最高。,,,,,,,,,,,,
30,2011-2-041158002.IB,,,,,,,,,,,,,,,,,,,20110610,短期信用评级,A-1,上海新世纪资信评估投资服务有限公司,投资级,最高级短期债券，其还本付息能力最强，安全性最高。,,,,,,
31,2012-2-041158006.IB,,,,,,,,,,,,,,,,,,,20120629,短期信用评级,A-1,上海新世纪资信评估投资服务有限公司,投资级,最高级短期债券，其还本付息能力最强，安全性最高。,,,,,,
32,2011-4-041158012.IB,,,,,,,,,,,,,,,,,,,20111010,短期信用评级,A-1,上海新世纪资信评估投资服务有限公司,投资级,最高级短期债券，其还本付息能力最强，安全性最高。,,,,,,
33,2012-2-041152003.IB,20120530,短期信用评级,A-1,中诚信国际信用评级有限责任公司,投资级,为最高短期信用等级，其还本付息能力很强，安全性很高,,,,,,,,,,,,,,,,,,,,,,,,
34,2012-2-041158002.IB,,,,,,,,,,,,,,,,,,,20120619,短期信用评级,A-1,上海新世纪资信评估投资服务有限公司,投资级,最高级短期债券，其还本付息能力最强，安全性最高。,,,,,,
35,2012-2-041154001.IB,,,,,,,,,,,,,,,,,,,20120606,短期信用评级,A-1,上海新世纪资信评估投资服务有限公司,投资级,最高级短期债券，其还本付息能力最强，安全性最高。,,,,,,
36,2011-4-041152012.IB,,,,,,,,,,,,,20111108,短期信用评级,A-1,大公国际资信评估有限公司,投资级,为最高级短期债券，其还本付息能力最强，安全性最高。,,,,,,,,,,,,
37,2012-2-041156010.IB,20120629,短期信用评级,A-1,中诚信国际信用评级有限责任公司,投资级,为最高短期信用等级，其还本付息能力很强，安全性很高,,,,,,,,,,,,,,,,,,,,,,,,
38,2012-4-011218005.IB,,,,,,,,,,,,,20121108,长期信用评级,AAA,大公国际资信评估有限公司,投资级,偿还债务的能力极强，基本不受不利经济环境的影响，违约风险极低。 ,,,,,,,,,,,,
39,2018-2-011762087.IB,,,,,,,,,,,,,20180413,短期信用评级,A-1,大公国际资信评估有限公司,投资级,为最高级短期债券，其还本付息能力最强，安全性最高。,,,,,,,,,,,,
40,2014-2-031490253.IB,20140630,长期信用评级,AAA,中诚信国际信用评级有限责任公司,投资级,受评对象偿还债务的能力极强，基本不受不利经济环境的影响，违约风险极低。  ,,,,,,,,,,,,,,,,,,,,,,,,
41,2013-2-011319004.IB,,,,,,,,,,,,,20130520,短期信用评级,A-1,大公国际资信评估有限公司,投资级,为最高级短期债券，其还本付息能力最强，安全性最高。,,,,,,,,,,,,
42,2011-2-041152016.IB,,,,,,,,,,,,,,,,,,,20110610,短期信用评级,A-1,上海新世纪资信评估投资服务有限公司,投资级,最高级短期债券，其还本付息能力最强，安全性最高。,,,,,,
43,2011-2-041154001.IB,,,,,,,,,,,,,,,,,,,20110401,短期信用评级,A-1,上海新世纪资信评估投资服务有限公司,投资级,最高级短期债券，其还本付息能力最强，安全性最高。,,,,,,
44,2011-2-041158007.IB,,,,,,,,,,,,,20110519,短期信用评级,A-1,大公国际资信评估有限公司,投资级,为最高级短期债券，其还本付息能力最强，安全性最高。,,,,,,,,,,,,
45,2011-3-041151007.IB,20110804,短期信用评级,A-1,中诚信国际信用评级有限责任公司,投资级,为最高短期信用等级，其还本付息能力很强，安全性很高,,,,,,,,,,,,,,,,,,,,,,,,
46,2012-2-041158009.IB,20120618,短期信用评级,A-1,中诚信国际信用评级有限责任公司,投资级,为最高短期信用等级，其还本付息能力很强，安全性很高,,,,,,,,,,,,,,,,,,,,,,,,
47,2011-3-041158001.IB,20110705,短期信用评级,A-1,中诚信国际信用评级有限责任公司,投资级,为最高短期信用等级，其还本付息能力很强，安全性很高,,,,,,,,,,,,,,,,,,,,,,,,
48,2011-3-041154004.IB,,,,,,,,,,,,,,,,,,,20110825,短期信用评级,A-1,上海新世纪资信评估投资服务有限公司,投资级,最高级短期债券，其还本付息能力最强，安全性最高。,,,,,,
49,2012-2-041154005.IB,,,,,,,,,,,,,20120630,短期信用评级,A-1,大公国际资信评估有限公司,投资级,为最高级短期债券，其还本付息能力最强，安全性最高。,,,,,,,,,,,,
50,2011-4-041154017.IB,,,,,,,20111123,短期信用评级,A-1,联合资信评估有限公司,投资级,A-1级短期债为最高级短期债，其还本付息能力最强，安全性最高。,,,,,,,,,,,,,,,,,,
51,2012-2-041156009.IB,20120525,短期信用评级,A-1,中诚信国际信用评级有限责任公司,投资级,为最高短期信用等级，其还本付息能力很强，安全性很高,,,,,,,,,,,,,,,,,,,,,,,,
52,2012-3-041152019.IB,,,,,,,20120831,短期信用评级,A-1,联合资信评估有限公司,投资级,A-1级短期债为最高级短期债，其还本付息能力最强，安全性最高。,,,,,,,,,,,,,,,,,,
53,2011-4-041154019.IB,,,,,,,,,,,,,20111118,短期信用评级,A-1,大公国际资信评估有限公司,投资级,为最高级短期债券，其还本付息能力最强，安全性最高。,,,,,,,,,,,,
54,2012-2-041153008.IB,,,,,,,,,,,,,20120627,短期信用评级,A-1,大公国际资信评估有限公司,投资级,为最高级短期债券，其还本付息能力最强，安全性最高。,,,,,,,,,,,,
55,2012-3-011216002.IB,20120918,短期信用评级,A-1,中诚信国际信用评级有限责任公司,投资级,为最高短期信用等级，其还本付息能力很强，安全性很高,,,,,,,,,,,,,,,,,,,,,,,,
56,2012-2-041158011.IB,20120507,短期信用评级,A-1,中诚信国际信用评级有限责任公司,投资级,为最高短期信用等级，其还本付息能力很强，安全性很高,,,,,,,,,,,,,,,,,,,,,,,,
57,2011-2-041152002.IB,20110517,短期信用评级,A-1,中诚信国际信用评级有限责任公司,投资级,为最高短期信用等级，其还本付息能力很强，安全性很高,,,,,,,,,,,,,,,,,,,,,,,,
58,2011-4-041158028.IB,,,,,,,20111122,短期信用评级,A-1,联合资信评估有限公司,投资级,A-1级短期债为最高级短期债，其还本付息能力最强，安全性最高。,,,,,,,,,,,,,,,,,,
59,2011-3-041156002.IB,,,,,,,,,,,,,20110801,短期信用评级,A-1,大公国际资信评估有限公司,投资级,为最高级短期债券，其还本付息能力最强，安全性最高。,,,,,,,,,,,,
60,2011-3-041152013.IB,,,,,,,20110926,短期信用评级,A-1,联合资信评估有限公司,投资级,A-1级短期债为最高级短期债，其还本付息能力最强，安全性最高。,,,,,,,,,,,,,,,,,,
61,2011-3-041158024.IB,,,,,,,,,,,,,,,,,,,20110831,短期信用评级,A-1,上海新世纪资信评估投资服务有限公司,投资级,最高级短期债券，其还本付息能力最强，安全性最高。,,,,,,
62,2012-4-041158011.IB,20121011,短期信用评级,B,中诚信国际信用评级有限责任公司,投机级,还本付息能力较低，有一定的违约风险。,,,,,,,,,,,,,,,,,,,,,,,,
63,2017-2-011780001.IB,,,,,,,,,,,,,,,,,,,,,,,,,20170424,短期信用评级,A-1,东方金诚国际信用评估有限公司,投资级,还本付息能力最强，安全性高 
64,2012-3-041153010.IB,,,,,,,,,,,,,,,,,,,20120716,短期信用评级,A-1,上海新世纪资信评估投资服务有限公司,投资级,最高级短期债券，其还本付息能力最强，安全性最高。,,,,,,
65,2011-3-041151005.IB,20110923,短期信用评级,A-1,中诚信国际信用评级有限责任公司,投资级,为最高短期信用等级，其还本付息能力很强，安全性很高,,,,,,,,,,,,,,,,,,,,,,,,
66,2011-3-041153008.IB,,,,,,,,,,,,,20110704,短期信用评级,A-1,大公国际资信评估有限公司,投资级,为最高级短期债券，其还本付息能力最强，安全性最高。,,,,,,,,,,,,
67,2011-3-041156008.IB,,,,,,,20110905,短期信用评级,A-1,联合资信评估有限公司,投资级,A-1级短期债为最高级短期债，其还本付息能力最强，安全性最高。,,,,,,,,,,,,,,,,,,
68,2017-4-011753022.IB,,,,,,,,,,,,,20171020,短期信用评级,A-1,大公国际资信评估有限公司,投资级,为最高级短期债券，其还本付息能力最强，安全性最高。,,,,,,,,,,,,
69,2011-4-041159016.IB,,,,,,,20111014,短期信用评级,A-1,联合资信评估有限公司,投资级,A-1级短期债为最高级短期债，其还本付息能力最强，安全性最高。,,,,,,,,,,,,,,,,,,
70,2017-1-011698051.IB,,,,,,,,,,,,,,,,,,,20170106,短期信用评级,A-1,上海新世纪资信评估投资服务有限公司,投资级,最高级短期债券，其还本付息能力最强，安全性最高。,,,,,,
71,2012-2-041158019.IB,,,,,,,,,,,,,,,,,,,20120626,短期信用评级,A-1,上海新世纪资信评估投资服务有限公司,投资级,最高级短期债券，其还本付息能力最强，安全性最高。,,,,,,
72,2012-2-041158012.IB,,,,,,,,,,,,,,,,,,,20120428,短期信用评级,A-1,上海新世纪资信评估投资服务有限公司,投资级,最高级短期债券，其还本付息能力最强，安全性最高。,,,,,,
73,2011-4-041156009.IB,20111020,短期信用评级,A-1,中诚信国际信用评级有限责任公司,投资级,为最高短期信用等级，其还本付息能力很强，安全性很高,,,,,,,,,,,,,,,,,,,,,,,,
74,2012-2-041152018.IB,,,,,,,,,,,,,20120502,短期信用评级,A-1,大公国际资信评估有限公司,投资级,为最高级短期债券，其还本付息能力最强，安全性最高。,,,,,,,,,,,,
75,2012-2-041158021.IB,20120626,短期信用评级,A-1,中诚信国际信用评级有限责任公司,投资级,为最高短期信用等级，其还本付息能力很强，安全性很高,,,,,,,,,,,,,,,,,,,,,,,,
76,2011-3-041151002.IB,,,,,,,20110913,短期信用评级,A-1,联合资信评估有限公司,投资级,A-1级短期债为最高级短期债，其还本付息能力最强，安全性最高。,,,,,,,,,,,,,,,,,,
77,2012-3-041159012.IB,20120807,短期信用评级,A-1,中诚信国际信用评级有限责任公司,投资级,为最高短期信用等级，其还本付息能力很强，安全性很高,,,,,,,,,,,,,,,,,,,,,,,,
78,2011-3-041154006.IB,,,,,,,,,,,,,20110919,短期信用评级,A-1,大公国际资信评估有限公司,投资级,为最高级短期债券，其还本付息能力最强，安全性最高。,,,,,,,,,,,,
79,2011-3-041152001.IB,,,,,,,,,,,,,20110801,短期信用评级,A-1,大公国际资信评估有限公司,投资级,为最高级短期债券，其还本付息能力最强，安全性最高。,,,,,,,,,,,,
80,2012-4-041151014.IB,,,,,,,20121226,短期信用评级,A-1,联合资信评估有限公司,投资级,A-1级短期债为最高级短期债，其还本付息能力最强，安全性最高。,,,,,,,,,,,,,,,,,,
81,2012-3-041156011.IB,,,,,,,20120724,短期信用评级,A-1,联合资信评估有限公司,投资级,A-1级短期债为最高级短期债，其还本付息能力最强，安全性最高。,,,,,,,,,,,,,,,,,,
82,2012-2-041154014.IB,20120427,短期信用评级,A-1,中诚信国际信用评级有限责任公司,投资级,为最高短期信用等级，其还本付息能力很强，安全性很高,,,,,,,,,,,,,,,,,,,,,,,,
83,2012-2-041159011.IB,,,,,,,,,,,,,20120628,短期信用评级,A-1,大公国际资信评估有限公司,投资级,为最高级短期债券，其还本付息能力最强，安全性最高。,,,,,,,,,,,,
84,2012-1-041154004.IB,,,,,,,,,,,,,,,,,,,20120227,短期信用评级,A-1,上海新世纪资信评估投资服务有限公司,投资级,最高级短期债券，其还本付息能力最强，安全性最高。,,,,,,
85,2011-4-041159006.IB,,,,,,,20111025,短期信用评级,A-1,联合资信评估有限公司,投资级,A-1级短期债为最高级短期债，其还本付息能力最强，安全性最高。,,,,,,,,,,,,,,,,,,
86,2011-4-041158019.IB,,,,,,,,,,,,,,,,,,,20111107,短期信用评级,A-1,上海新世纪资信评估投资服务有限公司,投资级,最高级短期债券，其还本付息能力最强，安全性最高。,,,,,,
87,2012-2-041158008.IB,,,,,,,,,,,,,20120627,短期信用评级,A-1,大公国际资信评估有限公司,投资级,为最高级短期债券，其还本付息能力最强，安全性最高。,,,,,,,,,,,,
88,2012-1-041159002.IB,20120112,短期信用评级,A-1,中诚信国际信用评级有限责任公司,投资级,为最高短期信用等级，其还本付息能力很强，安全性很高,,,,,,,,,,,,,,,,,,,,,,,,
89,2011-3-041159003.IB,20110715,短期信用评级,A-1,中诚信国际信用评级有限责任公司,投资级,为最高短期信用等级，其还本付息能力很强，安全性很高,,,,,,,,,,,,,,,,,,,,,,,,
90,2011-2-041156003.IB,20110516,短期信用评级,A-1,中诚信国际信用评级有限责任公司,投资级,为最高短期信用等级，其还本付息能力很强，安全性很高,,,,,,,,,,,,,,,,,,,,,,,,
91,2012-2-041158003.IB,,,,,,,,,,,,,20120629,短期信用评级,A-1,大公国际资信评估有限公司,投资级,为最高级短期债券，其还本付息能力最强，安全性最高。,,,,,,,,,,,,
92,2012-2-041159013.IB,,,,,,,,,,,,,20120626,短期信用评级,A-1,大公国际资信评估有限公司,投资级,为最高级短期债券，其还本付息能力最强，安全性最高。,,,,,,,,,,,,
93,2011-3-041156012.IB,,,,,,,20110921,短期信用评级,A-1,联合资信评估有限公司,投资级,A-1级短期债为最高级短期债，其还本付息能力最强，安全性最高。,,,,,,,,,,,,,,,,,,
94,2016-4-011699987.IB,,,,,,,,,,,,,,,,,,,20161222,短期信用评级,A-1,上海新世纪资信评估投资服务有限公司,投资级,最高级短期债券，其还本付息能力最强，安全性最高。,,,,,,
95,2011-2-041156007.IB,20110425,短期信用评级,A-1,中诚信国际信用评级有限责任公司,投资级,为最高短期信用等级，其还本付息能力很强，安全性很高,,,,,,,,,,,,,,,,,,,,,,,,
96,2011-2-041159005.IB,20110616,短期信用评级,A-1,中诚信国际信用评级有限责任公司,投资级,为最高短期信用等级，其还本付息能力很强，安全性很高,,,,,,,,,,,,,,,,,,,,,,,,
97,2018-3-011801375.IB,,,,,,,20180723,短期信用评级,A-1,联合资信评估有限公司,投资级,A-1级短期债为最高级短期债，其还本付息能力最强，安全性最高。,,,,,,,,,,,,,,,,,,
98,2011-4-041153010.IB,,,,,,,,,,,,,,,,,,,20111108,短期信用评级,A-1,上海新世纪资信评估投资服务有限公司,投资级,最高级短期债券，其还本付息能力最强，安全性最高。,,,,,,
99,2012-3-041158024.IB,,,,,,,,,,,,,,,,,,,20120724,短期信用评级,A-1,上海新世纪资信评估投资服务有限公司,投资级,最高级短期债券，其还本付息能力最强，安全性最高。,,,,,,
100,2014-4-011434001.IB,,,,,,,,,,,,,20141021,短期信用评级,A-1,大公国际资信评估有限公司,投资级,为最高级短期债券，其还本付息能力最强，安全性最高。,,,,,,,,,,,,
101,2011-3-041153003.IB,20110906,短期信用评级,A-1,中诚信国际信用评级有限责任公司,投资级,为最高短期信用等级，其还本付息能力很强，安全性很高,,,,,,,,,,,,,,,,,,,,,,,,
102,2018-3-011800709.IB,,,,,,,,,,,,,,,,,,,,,,,,,20180710,短期信用评级,A-1,东方金诚国际信用评估有限公司,投资级,还本付息能力最强，安全性高 
103,2011-2-041156004.IB,,,,,,,,,,,,,20110513,短期信用评级,A-1,大公国际资信评估有限公司,投资级,为最高级短期债券，其还本付息能力最强，安全性最高。,,,,,,,,,,,,
104,2013-1-011319003.IB,,,,,,,,,,,,,20130329,短期信用评级,A-1,大公国际资信评估有限公司,投资级,为最高级短期债券，其还本付息能力最强，安全性最高。,,,,,,,,,,,,
105,2011-4-041158016.IB,,,,,,,,,,,,,,,,,,,20111018,短期信用评级,A-1,上海新世纪资信评估投资服务有限公司,投资级,最高级短期债券，其还本付息能力最强，安全性最高。,,,,,,
106,2012-3-041152011.IB,,,,,,,20120920,短期信用评级,A-1,联合资信评估有限公司,投资级,A-1级短期债为最高级短期债，其还本付息能力最强，安全性最高。,,,,,,,,,,,,,,,,,,
107,2012-4-041156013.IB,,,,,,,20121221,短期信用评级,A-1,联合资信评估有限公司,投资级,A-1级短期债为最高级短期债，其还本付息能力最强，安全性最高。,,,,,,,,,,,,,,,,,,
108,2011-4-041158027.IB,,,,,,,20111223,短期信用评级,A-1,联合资信评估有限公司,投资级,A-1级短期债为最高级短期债，其还本付息能力最强，安全性最高。,,,,,,,,,,,,,,,,,,
109,2012-3-041151007.IB,20120828,短期信用评级,A-1,中诚信国际信用评级有限责任公司,投资级,为最高短期信用等级，其还本付息能力很强，安全性很高,,,,,,,,,,,,,,,,,,,,,,,,
110,2018-3-031800397.IB,,,,,,,,,,,,,20180706,短期信用评级,A-1,大公国际资信评估有限公司,投资级,为最高级短期债券，其还本付息能力最强，安全性最高。,,,,,,,,,,,,
111,2012-3-041159006.IB,,,,,,,20120831,短期信用评级,A-1,联合资信评估有限公司,投资级,A-1级短期债为最高级短期债，其还本付息能力最强，安全性最高。,,,,,,,,,,,,,,,,,,
112,2012-2-041158007.IB,,,,,,,,,,,,,20120625,短期信用评级,A-1,大公国际资信评估有限公司,投资级,为最高级短期债券，其还本付息能力最强，安全性最高。,,,,,,,,,,,,
113,2011-2-041159008.IB,,,,,,,,,,,,,,,,,,,20110411,短期信用评级,A-1,上海新世纪资信评估投资服务有限公司,投资级,最高级短期债券，其还本付息能力最强，安全性最高。,,,,,,
114,2011-2-041156005.IB,,,,,,,,,,,,,20110506,短期信用评级,A-1,大公国际资信评估有限公司,投资级,为最高级短期债券，其还本付息能力最强，安全性最高。,,,,,,,,,,,,
115,2012-2-041151011.IB,,,,,,,20120629,短期信用评级,A-1,联合资信评估有限公司,投资级,A-1级短期债为最高级短期债，其还本付息能力最强，安全性最高。,,,,,,,,,,,,,,,,,,
116,2012-3-041154017.IB,,,,,,,20120813,短期信用评级,A-1,联合资信评估有限公司,投资级,A-1级短期债为最高级短期债，其还本付息能力最强，安全性最高。,,,,,,,,,,,,,,,,,,
117,2012-2-041153011.IB,,,,,,,,,,,,,20120621,短期信用评级,A-1,大公国际资信评估有限公司,投资级,为最高级短期债券，其还本付息能力最强，安全性最高。,,,,,,,,,,,,
118,2011-3-041151010.IB,,,,,,,20110830,短期信用评级,A-1,联合资信评估有限公司,投资级,A-1级短期债为最高级短期债，其还本付息能力最强，安全性最高。,,,,,,,,,,,,,,,,,,
119,2011-4-041152019.IB,,,,,,,20111206,短期信用评级,A-1,联合资信评估有限公司,投资级,A-1级短期债为最高级短期债，其还本付息能力最强，安全性最高。,,,,,,,,,,,,,,,,,,
120,2011-2-041159002.IB,20110601,短期信用评级,A-1,中诚信国际信用评级有限责任公司,投资级,为最高短期信用等级，其还本付息能力很强，安全性很高,,,,,,,,,,,,,,,,,,,,,,,,
121,2011-2-041154008.IB,,,,,,,20110504,短期信用评级,A-1,联合资信评估有限公司,投资级,A-1级短期债为最高级短期债，其还本付息能力最强，安全性最高。,,,,,,,,,,,,,,,,,,
122,2011-2-041152008.IB,,,,,,,20110615,短期信用评级,A-1,联合资信评估有限公司,投资级,A-1级短期债为最高级短期债，其还本付息能力最强，安全性最高。,,,,,,,,,,,,,,,,,,
123,2011-2-041159012.IB,20110519,短期信用评级,A-1,中诚信国际信用评级有限责任公司,投资级,为最高短期信用等级，其还本付息能力很强，安全性很高,,,,,,,,,,,,,,,,,,,,,,,,
124,2017-1-011753022.IB,,,,,,,,,,,,,20170301,短期信用评级,A-1,大公国际资信评估有限公司,投资级,为最高级短期债券，其还本付息能力最强，安全性最高。,,,,,,,,,,,,
125,2012-2-041156005.IB,,,,,,,,,,,,,20120523,短期信用评级,A-1,大公国际资信评估有限公司,投资级,为最高级短期债券，其还本付息能力最强，安全性最高。,,,,,,,,,,,,
126,2012-2-041158016.IB,,,,,,,,,,,,,,,,,,,20120607,短期信用评级,A-1,上海新世纪资信评估投资服务有限公司,投资级,最高级短期债券，其还本付息能力最强，安全性最高。,,,,,,
127,2011-4-041151009.IB,20111018,短期信用评级,A-1,中诚信国际信用评级有限责任公司,投资级,为最高短期信用等级，其还本付息能力很强，安全性很高,,,,,,,,,,,,,,,,,,,,,,,,
128,2012-2-041158005.IB,20120629,短期信用评级,A-1,中诚信国际信用评级有限责任公司,投资级,为最高短期信用等级，其还本付息能力很强，安全性很高,,,,,,,,,,,,,,,,,,,,,,,,
129,2011-4-041152002.IB,20111229,短期信用评级,A-1,中诚信国际信用评级有限责任公司,投资级,为最高短期信用等级，其还本付息能力很强，安全性很高,,,,,,,,,,,,,,,,,,,,,,,,
130,2017-3-011762087.IB,,,,,,,,,,,,,20170807,短期信用评级,A-1,大公国际资信评估有限公司,投资级,为最高级短期债券，其还本付息能力最强，安全性最高。,,,,,,,,,,,,
131,2012-2-041154010.IB,,,,,,,20120615,短期信用评级,A-1,联合资信评估有限公司,投资级,A-1级短期债为最高级短期债，其还本付息能力最强，安全性最高。,,,,,,,,,,,,,,,,,,
132,2011-4-041154013.IB,,,,,,,20111014,短期信用评级,A-1,联合资信评估有限公司,投资级,A-1级短期债为最高级短期债，其还本付息能力最强，安全性最高。,,,,,,,,,,,,,,,,,,
133,2011-3-041152009.IB,,,,,,,20110908,短期信用评级,A-1,联合资信评估有限公司,投资级,A-1级短期债为最高级短期债，其还本付息能力最强，安全性最高。,,,,,,,,,,,,,,,,,,
134,2012-2-041152009.IB,,,,,,,20120423,短期信用评级,A-1,联合资信评估有限公司,投资级,A-1级短期债为最高级短期债，其还本付息能力最强，安全性最高。,,,,,,,,,,,,,,,,,,
135,2011-4-041153007.IB,20111108,短期信用评级,A-1,中诚信国际信用评级有限责任公司,投资级,为最高短期信用等级，其还本付息能力很强，安全性很高,,,,,,,,,,,,,,,,,,,,,,,,
136,2011-2-041156001.IB,,,,,,,,,,,,,20110616,短期信用评级,A-1,大公国际资信评估有限公司,投资级,为最高级短期债券，其还本付息能力最强，安全性最高。,,,,,,,,,,,,
137,2012-3-041158001.IB,20120727,短期信用评级,A-1,中诚信国际信用评级有限责任公司,投资级,为最高短期信用等级，其还本付息能力很强，安全性很高,,,,,,,,,,,,,,,,,,,,,,,,
138,2011-3-041158004.IB,,,,,,,,,,,,,20110715,短期信用评级,A-1,大公国际资信评估有限公司,投资级,为最高级短期债券，其还本付息能力最强，安全性最高。,,,,,,,,,,,,
139,2011-4-041153006.IB,,,,,,,20111020,短期信用评级,A-1,联合资信评估有限公司,投资级,A-1级短期债为最高级短期债，其还本付息能力最强，安全性最高。,,,,,,,,,,,,,,,,,,
140,2011-3-041159015.IB,,,,,,,20110919,短期信用评级,A-1,联合资信评估有限公司,投资级,A-1级短期债为最高级短期债，其还本付息能力最强，安全性最高。,,,,,,,,,,,,,,,,,,
141,2011-3-041154002.IB,20110831,短期信用评级,A-1,中诚信国际信用评级有限责任公司,投资级,为最高短期信用等级，其还本付息能力很强，安全性很高,,,,,,,,,,,,,,,,,,,,,,,,
142,2011-3-041159004.IB,20110826,短期信用评级,A-1,中诚信国际信用评级有限责任公司,投资级,为最高短期信用等级，其还本付息能力很强，安全性很高,,,,,,,,,,,,,,,,,,,,,,,,
143,2011-4-041156013.IB,,,,,,,20111117,短期信用评级,A-1,联合资信评估有限公司,投资级,A-1级短期债为最高级短期债，其还本付息能力最强，安全性最高。,,,,,,,,,,,,,,,,,,
144,2011-2-041152014.IB,,,,,,,,,,,,,20110530,短期信用评级,A-1,大公国际资信评估有限公司,投资级,为最高级短期债券，其还本付息能力最强，安全性最高。,,,,,,,,,,,,
145,2013-4-011319004.IB,,,,,,,,,,,,,20131121,短期信用评级,A-1,大公国际资信评估有限公司,投资级,为最高级短期债券，其还本付息能力最强，安全性最高。,,,,,,,,,,,,
146,2013-1-011234001.IB,,,,,,,,,,,,,20130318,短期信用评级,A-1,大公国际资信评估有限公司,投资级,为最高级短期债券，其还本付息能力最强，安全性最高。,,,,,,,,,,,,
147,2011-3-041154016.IB,,,,,,,20110919,短期信用评级,A-1,联合资信评估有限公司,投资级,A-1级短期债为最高级短期债，其还本付息能力最强，安全性最高。,,,,,,,,,,,,,,,,,,
148,2014-2-011434001.IB,,,,,,,,,,,,,20140430,短期信用评级,A-1,大公国际资信评估有限公司,投资级,为最高级短期债券，其还本付息能力最强，安全性最高。,,,,,,,,,,,,
149,2011-3-041151006.IB,20110914,短期信用评级,A-1,中诚信国际信用评级有限责任公司,投资级,为最高短期信用等级，其还本付息能力很强，安全性很高,,,,,,,,,,,,,,,,,,,,,,,,
150,2012-4-041154016.IB,,,,,,,20121012,短期信用评级,A-1,联合资信评估有限公司,投资级,A-1级短期债为最高级短期债，其还本付息能力最强，安全性最高。,,,,,,,,,,,,,,,,,,
151,2011-3-041158020.IB,20110916,短期信用评级,A-1,中诚信国际信用评级有限责任公司,投资级,为最高短期信用等级，其还本付息能力很强，安全性很高,,,,,,,,,,,,,,,,,,,,,,,,
152,2018-2-011800709.IB,,,,,,,,,,,,,,,,,,,,,,,,,20180409,短期信用评级,A-1,东方金诚国际信用评估有限公司,投资级,还本付息能力最强，安全性高 
153,2012-2-041153002.IB,20120629,短期信用评级,A-1,中诚信国际信用评级有限责任公司,投资级,为最高短期信用等级，其还本付息能力很强，安全性很高,,,,,,,,,,,,,,,,,,,,,,,,
154,2011-2-041155001.IB,,,,,,,20110525,短期信用评级,A-1,联合资信评估有限公司,投资级,A-1级短期债为最高级短期债，其还本付息能力最强，安全性最高。,,,,,,,,,,,,,,,,,,
155,2011-4-041154002.IB,20111122,短期信用评级,A-1,中诚信国际信用评级有限责任公司,投资级,为最高短期信用等级，其还本付息能力很强，安全性很高,,,,,,,,,,,,,,,,,,,,,,,,
156,2012-2-041155003.IB,,,,,,,,,,,,,,,,,,,20120605,短期信用评级,A-1,上海新世纪资信评估投资服务有限公司,投资级,最高级短期债券，其还本付息能力最强，安全性最高。,,,,,,
157,2012-2-041158013.IB,,,,,,,,,,,,,20120621,短期信用评级,A-1,大公国际资信评估有限公司,投资级,为最高级短期债券，其还本付息能力最强，安全性最高。,,,,,,,,,,,,
158,2012-3-041159017.IB,,,,,,,20120831,短期信用评级,A-1,联合资信评估有限公司,投资级,A-1级短期债为最高级短期债，其还本付息能力最强，安全性最高。,,,,,,,,,,,,,,,,,,
159,2011-2-041152006.IB,,,,,,,,,,,,,,,,,,,20110616,短期信用评级,A-1,上海新世纪资信评估投资服务有限公司,投资级,最高级短期债券，其还本付息能力最强，安全性最高。,,,,,,
160,2012-3-041158017.IB,20120718,短期信用评级,A-1,中诚信国际信用评级有限责任公司,投资级,为最高短期信用等级，其还本付息能力很强，安全性很高,,,,,,,,,,,,,,,,,,,,,,,,
161,2011-4-041158022.IB,,,,,,,,,,,,,,,,,,,20111109,短期信用评级,A-1,上海新世纪资信评估投资服务有限公司,投资级,最高级短期债券，其还本付息能力最强，安全性最高。,,,,,,
162,2011-4-041158008.IB,,,,,,,,,,,,,20111014,短期信用评级,A-1,大公国际资信评估有限公司,投资级,为最高级短期债券，其还本付息能力最强，安全性最高。,,,,,,,,,,,,
163,2011-3-041154011.IB,,,,,,,,,,,,,,,,,,,20110920,短期信用评级,A-1,上海新世纪资信评估投资服务有限公司,投资级,最高级短期债券，其还本付息能力最强，安全性最高。,,,,,,
164,2012-3-041153005.IB,,,,,,,20120925,短期信用评级,A-1,联合资信评估有限公司,投资级,A-1级短期债为最高级短期债，其还本付息能力最强，安全性最高。,,,,,,,,,,,,,,,,,,
165,2011-2-041158003.IB,,,,,,,,,,,,,20110520,短期信用评级,A-1,大公国际资信评估有限公司,投资级,为最高级短期债券，其还本付息能力最强，安全性最高。,,,,,,,,,,,,
166,2011-4-041153011.IB,,,,,,,,,,,,,20111117,短期信用评级,A-1,大公国际资信评估有限公司,投资级,为最高级短期债券，其还本付息能力最强，安全性最高。,,,,,,,,,,,,
167,2011-3-041156010.IB,20110907,短期信用评级,A-1,中诚信国际信用评级有限责任公司,投资级,为最高短期信用等级，其还本付息能力很强，安全性很高,,,,,,,,,,,,,,,,,,,,,,,,
168,2011-3-041156011.IB,,,,,,,20110823,短期信用评级,A-1,联合资信评估有限公司,投资级,A-1级短期债为最高级短期债，其还本付息能力最强，安全性最高。,,,,,,,,,,,,,,,,,,
169,2011-3-041151004.IB,,,,,,,20110913,短期信用评级,A-1,联合资信评估有限公司,投资级,A-1级短期债为最高级短期债，其还本付息能力最强，安全性最高。,,,,,,,,,,,,,,,,,,
170,2012-2-041156007.IB,20120621,短期信用评级,A-1,中诚信国际信用评级有限责任公司,投资级,为最高短期信用等级，其还本付息能力很强，安全性很高,,,,,,,,,,,,,,,,,,,,,,,,
171,2011-4-041155003.IB,,,,,,,,,,,,,,,,,,,20111019,短期信用评级,A-1,上海新世纪资信评估投资服务有限公司,投资级,最高级短期债券，其还本付息能力最强，安全性最高。,,,,,,
172,2012-2-041151005.IB,20120621,短期信用评级,A-1,中诚信国际信用评级有限责任公司,投资级,为最高短期信用等级，其还本付息能力很强，安全性很高,,,,,,,,,,,,,,,,,,,,,,,,
173,2011-4-041152011.IB,,,,,,,20111028,短期信用评级,A-1,联合资信评估有限公司,投资级,A-1级短期债为最高级短期债，其还本付息能力最强，安全性最高。,,,,,,,,,,,,,,,,,,
174,2012-2-041152017.IB,,,,,,,20120504,短期信用评级,A-1,联合资信评估有限公司,投资级,A-1级短期债为最高级短期债，其还本付息能力最强，安全性最高。,,,,,,,,,,,,,,,,,,
175,2015-2-011599401.IB,,,,,,,,,,,,,,,,,,,20150623,短期信用评级,A-1,上海新世纪资信评估投资服务有限公司,投资级,最高级短期债券，其还本付息能力最强，安全性最高。,,,,,,
176,2011-3-041153004.IB,20110725,短期信用评级,A-1,中诚信国际信用评级有限责任公司,投资级,为最高短期信用等级，其还本付息能力很强，安全性很高,,,,,,,,,,,,,,,,,,,,,,,,
177,2012-2-041154018.IB,,,,,,,,,,,,,20120615,短期信用评级,A-1,大公国际资信评估有限公司,投资级,为最高级短期债券，其还本付息能力最强，安全性最高。,,,,,,,,,,,,
178,2011-4-041158023.IB,,,,,,,20111117,短期信用评级,A-1,联合资信评估有限公司,投资级,A-1级短期债为最高级短期债，其还本付息能力最强，安全性最高。,,,,,,,,,,,,,,,,,,
179,2011-2-041159013.IB,,,,,,,,,,,,,20110516,短期信用评级,A-1,大公国际资信评估有限公司,投资级,为最高级短期债券，其还本付息能力最强，安全性最高。,,,,,,,,,,,,
180,2011-4-041153003.IB,20111017,短期信用评级,A-1,中诚信国际信用评级有限责任公司,投资级,为最高短期信用等级，其还本付息能力很强，安全性很高,,,,,,,,,,,,,,,,,,,,,,,,
181,2015-3-011599957.IB,,,,,,,,,,,,,20150819,短期信用评级,A-1,大公国际资信评估有限公司,投资级,为最高级短期债券，其还本付息能力最强，安全性最高。,,,,,,,,,,,,
182,2011-2-041158010.IB,20110523,短期信用评级,A-1,中诚信国际信用评级有限责任公司,投资级,为最高短期信用等级，其还本付息能力很强，安全性很高,,,,,,,,,,,,,,,,,,,,,,,,
183,2011-3-041158011.IB,20110916,短期信用评级,A-1,中诚信国际信用评级有限责任公司,投资级,为最高短期信用等级，其还本付息能力很强，安全性很高,,,,,,,,,,,,,,,,,,,,,,,,
184,2012-3-041153009.IB,,,,,,,,,,,,,,,,,,,20120718,短期信用评级,A-1,上海新世纪资信评估投资服务有限公司,投资级,最高级短期债券，其还本付息能力最强，安全性最高。,,,,,,
185,2011-3-041152007.IB,,,,,,,20110902,短期信用评级,A-1,联合资信评估有限公司,投资级,A-1级短期债为最高级短期债，其还本付息能力最强，安全性最高。,,,,,,,,,,,,,,,,,,
186,2011-3-041159011.IB,,,,,,,,,,,,,20110711,短期信用评级,A-1,大公国际资信评估有限公司,投资级,为最高级短期债券，其还本付息能力最强，安全性最高。,,,,,,,,,,,,
187,2011-3-041158014.IB,,,,,,,,,,,,,,,,,,,20110927,短期信用评级,A-1,上海新世纪资信评估投资服务有限公司,投资级,最高级短期债券，其还本付息能力最强，安全性最高。,,,,,,
188,2017-4-011764075.IB,,,,,,,,,,,,,20171030,短期信用评级,A-1,大公国际资信评估有限公司,投资级,为最高级短期债券，其还本付息能力最强，安全性最高。,,,,,,,,,,,,
189,2011-4-041153005.IB,,,,,,,20111018,短期信用评级,A-1,联合资信评估有限公司,投资级,A-1级短期债为最高级短期债，其还本付息能力最强，安全性最高。,,,,,,,,,,,,,,,,,,
190,2011-3-041154012.IB,,,,,,,20110914,短期信用评级,A-1,联合资信评估有限公司,投资级,A-1级短期债为最高级短期债，其还本付息能力最强，安全性最高。,,,,,,,,,,,,,,,,,,
191,2012-2-041151002.IB,,,,,,,20120629,短期信用评级,A-1,联合资信评估有限公司,投资级,A-1级短期债为最高级短期债，其还本付息能力最强，安全性最高。,,,,,,,,,,,,,,,,,,
192,2011-4-041154009.IB,20111019,短期信用评级,A-1,中诚信国际信用评级有限责任公司,投资级,为最高短期信用等级，其还本付息能力很强，安全性很高,,,,,,,,,,,,,,,,,,,,,,,,
193,2012-2-041154015.IB,20120612,短期信用评级,A-1,中诚信国际信用评级有限责任公司,投资级,为最高短期信用等级，其还本付息能力很强，安全性很高,,,,,,,,,,,,,,,,,,,,,,,,
194,2011-4-041151012.IB,20111025,短期信用评级,A-1,中诚信国际信用评级有限责任公司,投资级,为最高短期信用等级，其还本付息能力很强，安全性很高,,,,,,,,,,,,,,,,,,,,,,,,
195,2012-3-041154002.IB,20120820,短期信用评级,A-1,中诚信国际信用评级有限责任公司,投资级,为最高短期信用等级，其还本付息能力很强，安全性很高,,,,,,,,,,,,,,,,,,,,,,,,
196,2012-3-041151013.IB,20120731,短期信用评级,A-1,中诚信国际信用评级有限责任公司,投资级,为最高短期信用等级，其还本付息能力很强，安全性很高,,,,,,,,,,,,,,,,,,,,,,,,
197,2011-4-041158018.IB,20111108,短期信用评级,A-1,中诚信国际信用评级有限责任公司,投资级,为最高短期信用等级，其还本付息能力很强，安全性很高,,,,,,,,,,,,,,,,,,,,,,,,
198,2012-2-041151012.IB,20120613,短期信用评级,A-1,中诚信国际信用评级有限责任公司,投资级,为最高短期信用等级，其还本付息能力很强，安全性很高,,,,,,,,,,,,,,,,,,,,,,,,
199,2012-2-041158025.IB,,,,,,,,,,,,,20120615,短期信用评级,A-1,大公国际资信评估有限公司,投资级,为最高级短期债券，其还本付息能力最强，安全性最高。,,,,,,,,,,,,
200,2011-2-041154005.IB,,,,,,,,,,,,,20110523,短期信用评级,A-1,大公国际资信评估有限公司,投资级,为最高级短期债券，其还本付息能力最强，安全性最高。,,,,,,,,,,,,
201,2012-2-041159002.IB,20120627,短期信用评级,A-1,中诚信国际信用评级有限责任公司,投资级,为最高短期信用等级，其还本付息能力很强，安全性很高,,,,,,,,,,,,,,,,,,,,,,,,
202,2016-1-011599957.IB,,,,,,,,,,,,,20160126,短期信用评级,A-1,大公国际资信评估有限公司,投资级,为最高级短期债券，其还本付息能力最强，安全性最高。,,,,,,,,,,,,
203,2012-2-041152014.IB,,,,,,,,,,,,,20120607,短期信用评级,A-1,大公国际资信评估有限公司,投资级,为最高级短期债券，其还本付息能力最强，安全性最高。,,,,,,,,,,,,
204,2012-2-041151003.IB,20120614,短期信用评级,A-1,中诚信国际信用评级有限责任公司,投资级,为最高短期信用等级，其还本付息能力很强，安全性很高,,,,,,,,,,,,,,,,,,,,,,,,
205,2012-2-041153004.IB,20120427,短期信用评级,A-1,中诚信国际信用评级有限责任公司,投资级,为最高短期信用等级，其还本付息能力很强，安全性很高,,,,,,,,,,,,,,,,,,,,,,,,
206,2011-4-041158021.IB,20111129,短期信用评级,A-1,中诚信国际信用评级有限责任公司,投资级,为最高短期信用等级，其还本付息能力很强，安全性很高,,,,,,,,,,,,,,,,,,,,,,,,
207,2011-4-041151014.IB,,,,,,,20111109,短期信用评级,A-1,联合资信评估有限公司,投资级,A-1级短期债为最高级短期债，其还本付息能力最强，安全性最高。,,,,,,,,,,,,,,,,,,
208,2011-4-041152018.IB,,,,,,,,,,,,,20111122,短期信用评级,A-1,大公国际资信评估有限公司,投资级,为最高级短期债券，其还本付息能力最强，安全性最高。,,,,,,,,,,,,
209,2011-3-041155002.IB,,,,,,,,,,,,,20110909,短期信用评级,A-1,大公国际资信评估有限公司,投资级,为最高级短期债券，其还本付息能力最强，安全性最高。,,,,,,,,,,,,
210,2011-2-041158006.IB,,,,,,,,,,,,,,,,,,,20110411,短期信用评级,A-1,上海新世纪资信评估投资服务有限公司,投资级,最高级短期债券，其还本付息能力最强，安全性最高。,,,,,,
211,2011-4-041159001.IB,,,,,,,20111027,短期信用评级,A-1,联合资信评估有限公司,投资级,A-1级短期债为最高级短期债，其还本付息能力最强，安全性最高。,,,,,,,,,,,,,,,,,,
212,2012-2-041152001.IB,,,,,,,,,,,,,20120627,短期信用评级,A-1,大公国际资信评估有限公司,投资级,为最高级短期债券，其还本付息能力最强，安全性最高。,,,,,,,,,,,,
213,2012-3-041158027.IB,,,,,,,20120726,短期信用评级,A-1,联合资信评估有限公司,投资级,A-1级短期债为最高级短期债，其还本付息能力最强，安全性最高。,,,,,,,,,,,,,,,,,,
214,2015-1-011599020.IB,20150120,短期信用评级,A-1,中诚信国际信用评级有限责任公司,投资级,为最高短期信用等级，其还本付息能力很强，安全性很高,,,,,,,,,,,,,,,,,,,,,,,,
215,2011-4-041158017.IB,20111012,短期信用评级,A-1,中诚信国际信用评级有限责任公司,投资级,为最高短期信用等级，其还本付息能力很强，安全性很高,,,,,,,,,,,,,,,,,,,,,,,,
216,2011-3-041152005.IB,,,,,,,,,,,,,20110826,短期信用评级,A-1,大公国际资信评估有限公司,投资级,为最高级短期债券，其还本付息能力最强，安全性最高。,,,,,,,,,,,,
217,2012-3-041152016.IB,,,,,,,,,,,,,,,,,,,20120709,短期信用评级,A-1,上海新世纪资信评估投资服务有限公司,投资级,最高级短期债券，其还本付息能力最强，安全性最高。,,,,,,
218,2012-2-041159008.IB,,,,,,,,,,,,,,,,,,,20120413,短期信用评级,A-1,上海新世纪资信评估投资服务有限公司,投资级,最高级短期债券，其还本付息能力最强，安全性最高。,,,,,,
219,2012-4-041158023.IB,,,,,,,20121225,短期信用评级,A-1,联合资信评估有限公司,投资级,A-1级短期债为最高级短期债，其还本付息能力最强，安全性最高。,,,,,,,,,,,,,,,,,,
220,2012-3-011235001.IB,,,,,,,20120730,短期信用评级,A-1,联合资信评估有限公司,投资级,A-1级短期债为最高级短期债，其还本付息能力最强，安全性最高。,,,,,,,,,,,,,,,,,,
221,2012-2-041159003.IB,20120627,短期信用评级,A-1,中诚信国际信用评级有限责任公司,投资级,为最高短期信用等级，其还本付息能力很强，安全性很高,,,,,,,,,,,,,,,,,,,,,,,,
222,2011-4-041151011.IB,,,,,,,20111020,短期信用评级,A-1,联合资信评估有限公司,投资级,A-1级短期债为最高级短期债，其还本付息能力最强，安全性最高。,,,,,,,,,,,,,,,,,,
223,2011-3-041151008.IB,,,,,,,20110715,短期信用评级,A-1,联合资信评估有限公司,投资级,A-1级短期债为最高级短期债，其还本付息能力最强，安全性最高。,,,,,,,,,,,,,,,,,,
224,2012-2-041151006.IB,20120515,短期信用评级,A-1,中诚信国际信用评级有限责任公司,投资级,为最高短期信用等级，其还本付息能力很强，安全性很高,,,,,,,,,,,,,,,,,,,,,,,,
225,2012-2-041155002.IB,,,,,,,,,,,,,20120626,短期信用评级,A-1,大公国际资信评估有限公司,投资级,为最高级短期债券，其还本付息能力最强，安全性最高。,,,,,,,,,,,,
226,2012-3-041158014.IB,,,,,,,,,,,,,,,,,,,20120806,短期信用评级,A-1,上海新世纪资信评估投资服务有限公司,投资级,最高级短期债券，其还本付息能力最强，安全性最高。,,,,,,
227,2012-3-041151009.IB,20120720,短期信用评级,A-1,中诚信国际信用评级有限责任公司,投资级,为最高短期信用等级，其还本付息能力很强，安全性很高,,,,,,,,,,,,,,,,,,,,,,,,
228,2012-1-041152005.IB,,,,,,,,,,,,,20120307,短期信用评级,A-1,大公国际资信评估有限公司,投资级,为最高级短期债券，其还本付息能力最强，安全性最高。,,,,,,,,,,,,
229,2018-1-011800217.IB,,,,,,,,,,,,,,,,,,,20180205,短期信用评级,A-1,上海新世纪资信评估投资服务有限公司,投资级,最高级短期债券，其还本付息能力最强，安全性最高。,,,,,,
230,2015-4-011599681.IB,,,,,,,,,,,,,,,,,,,20151023,短期信用评级,A-1,上海新世纪资信评估投资服务有限公司,投资级,最高级短期债券，其还本付息能力最强，安全性最高。,,,,,,
231,2016-1-011698051.IB,,,,,,,,,,,,,,,,,,,20160307,短期信用评级,A-1,上海新世纪资信评估投资服务有限公司,投资级,最高级短期债券，其还本付息能力最强，安全性最高。,,,,,,
232,2011-3-041154014.IB,20110811,短期信用评级,A-1,中诚信国际信用评级有限责任公司,投资级,为最高短期信用等级，其还本付息能力很强，安全性很高,,,,,,,,,,,,,,,,,,,,,,,,
233,2017-3-011760049.IB,,,,,,,,,,,,,20170823,短期信用评级,A-1,大公国际资信评估有限公司,投资级,为最高级短期债券，其还本付息能力最强，安全性最高。,,,,,,,,,,,,
234,2012-4-011235002.IB,,,,,,,20121116,短期信用评级,A-1,联合资信评估有限公司,投资级,A-1级短期债为最高级短期债，其还本付息能力最强，安全性最高。,,,,,,,,,,,,,,,,,,
235,2017-3-011764074.IB,,,,,,,,,,,,,,,,,,,20170711,短期信用评级,A-1,上海新世纪资信评估投资服务有限公司,投资级,最高级短期债券，其还本付息能力最强，安全性最高。,,,,,,
236,2012-3-041152006.IB,,,,,,,,,,,,,,,,,,,20120820,短期信用评级,A-1,上海新世纪资信评估投资服务有限公司,投资级,最高级短期债券，其还本付息能力最强，安全性最高。,,,,,,
237,2011-3-041159010.IB,,,,,,,20110915,短期信用评级,A-1,联合资信评估有限公司,投资级,A-1级短期债为最高级短期债，其还本付息能力最强，安全性最高。,,,,,,,,,,,,,,,,,,
238,2011-4-041152017.IB,,,,,,,20111028,短期信用评级,A-1,联合资信评估有限公司,投资级,A-1级短期债为最高级短期债，其还本付息能力最强，安全性最高。,,,,,,,,,,,,,,,,,,
239,2011-3-041158013.IB,,,,,,,,,,,,,20110922,短期信用评级,A-1,大公国际资信评估有限公司,投资级,为最高级短期债券，其还本付息能力最强，安全性最高。,,,,,,,,,,,,
240,2012-2-041151004.IB,,,,,,,20120522,短期信用评级,A-1,联合资信评估有限公司,投资级,A-1级短期债为最高级短期债，其还本付息能力最强，安全性最高。,,,,,,,,,,,,,,,,,,
241,2012-3-041159014.IB,,,,,,,20120905,短期信用评级,A-1,联合资信评估有限公司,投资级,A-1级短期债为最高级短期债，其还本付息能力最强，安全性最高。,,,,,,,,,,,,,,,,,,
242,2012-2-011216001.IB,20120618,短期信用评级,A-1,中诚信国际信用评级有限责任公司,投资级,为最高短期信用等级，其还本付息能力很强，安全性很高,,,,,,,,,,,,,,,,,,,,,,,,
243,2011-3-041154003.IB,,,,,,,,,,,,,20110808,短期信用评级,A-1,大公国际资信评估有限公司,投资级,为最高级短期债券，其还本付息能力最强，安全性最高。,,,,,,,,,,,,
244,2012-2-041154011.IB,,,,,,,,,,,,,,,,,,,20120625,短期信用评级,A-1,上海新世纪资信评估投资服务有限公司,投资级,最高级短期债券，其还本付息能力最强，安全性最高。,,,,,,
245,2012-2-041158018.IB,20120515,短期信用评级,A-1,中诚信国际信用评级有限责任公司,投资级,为最高短期信用等级，其还本付息能力很强，安全性很高,,,,,,,,,,,,,,,,,,,,,,,,
246,2012-1-041159005.IB,20120314,短期信用评级,A-1,中诚信国际信用评级有限责任公司,投资级,为最高短期信用等级，其还本付息能力很强，安全性很高,,,,,,,,,,,,,,,,,,,,,,,,
247,2012-2-041152015.IB,20120419,短期信用评级,A-1,中诚信国际信用评级有限责任公司,投资级,为最高短期信用等级，其还本付息能力很强，安全性很高,,,,,,,,,,,,,,,,,,,,,,,,
248,2012-2-041156002.IB,,,,,,,,,,,,,20120625,短期信用评级,A-1,大公国际资信评估有限公司,投资级,为最高级短期债券，其还本付息能力最强，安全性最高。,,,,,,,,,,,,
249,2011-3-041152004.IB,,,,,,,20110726,短期信用评级,A-1,联合资信评估有限公司,投资级,A-1级短期债为最高级短期债，其还本付息能力最强，安全性最高。,,,,,,,,,,,,,,,,,,
250,2011-4-041158025.IB,,,,,,,,,,,,,20111010,短期信用评级,A-1,大公国际资信评估有限公司,投资级,为最高级短期债券，其还本付息能力最强，安全性最高。,,,,,,,,,,,,
251,2011-4-041154015.IB,20111110,短期信用评级,A-1,中诚信国际信用评级有限责任公司,投资级,为最高短期信用等级，其还本付息能力很强，安全性很高,,,,,,,,,,,,,,,,,,,,,,,,
252,2011-3-041159009.IB,20110913,短期信用评级,A-1,中诚信国际信用评级有限责任公司,投资级,为最高短期信用等级，其还本付息能力很强，安全性很高,,,,,,,,,,,,,,,,,,,,,,,,
253,2011-1-041152010.IB,,,,,,,20110315,短期信用评级,A-1,联合资信评估有限公司,投资级,A-1级短期债为最高级短期债，其还本付息能力最强，安全性最高。,,,,,,,,,,,,,,,,,,
254,2017-4-011764131.IB,,,,,,,20171116,短期信用评级,A-1,联合资信评估有限公司,投资级,A-1级短期债为最高级短期债，其还本付息能力最强，安全性最高。,,,,,,,,,,,,,,,,,,
255,2012-3-041158022.IB,,,,,,,,,,,,,,,,,,,20120711,短期信用评级,A-1,上海新世纪资信评估投资服务有限公司,投资级,最高级短期债券，其还本付息能力最强，安全性最高。,,,,,,
256,2012-2-041153007.IB,20120528,短期信用评级,A-1,中诚信国际信用评级有限责任公司,投资级,为最高短期信用等级，其还本付息能力很强，安全性很高,,,,,,,,,,,,,,,,,,,,,,,,
257,2011-3-041158009.IB,20110927,短期信用评级,A-1,中诚信国际信用评级有限责任公司,投资级,为最高短期信用等级，其还本付息能力很强，安全性很高,,,,,,,,,,,,,,,,,,,,,,,,
258,2011-4-041151013.IB,20111111,短期信用评级,A-1,中诚信国际信用评级有限责任公司,投资级,为最高短期信用等级，其还本付息能力很强，安全性很高,,,,,,,,,,,,,,,,,,,,,,,,
259,2011-4-041154018.IB,,,,,,,,,,,,,20111108,短期信用评级,A-1,大公国际资信评估有限公司,投资级,为最高级短期债券，其还本付息能力最强，安全性最高。,,,,,,,,,,,,
260,2017-2-011764075.IB,,,,,,,,,,,,,20170622,短期信用评级,A-1,大公国际资信评估有限公司,投资级,为最高级短期债券，其还本付息能力最强，安全性最高。,,,,,,,,,,,,
261,2016-1-011699987.IB,,,,,,,,,,,,,,,,,,,20160118,短期信用评级,A-1,上海新世纪资信评估投资服务有限公司,投资级,最高级短期债券，其还本付息能力最强，安全性最高。,,,,,,
262,2011-4-041158026.IB,,,,,,,20111128,短期信用评级,A-1,联合资信评估有限公司,投资级,A-1级短期债为最高级短期债，其还本付息能力最强，安全性最高。,,,,,,,,,,,,,,,,,,
263,2011-3-041153002.IB,20110707,短期信用评级,A-1,中诚信国际信用评级有限责任公司,投资级,为最高短期信用等级，其还本付息能力很强，安全性很高,,,,,,,,,,,,,,,,,,,,,,,,
264,2011-4-041159009.IB,20111026,短期信用评级,A-1,中诚信国际信用评级有限责任公司,投资级,为最高短期信用等级，其还本付息能力很强，安全性很高,,,,,,,,,,,,,,,,,,,,,,,,
265,2012-2-041154007.IB,,,,,,,,,,,,,20120411,短期信用评级,A-1,大公国际资信评估有限公司,投资级,为最高级短期债券，其还本付息能力最强，安全性最高。,,,,,,,,,,,,
266,2012-3-011234001.IB,,,,,,,,,,,,,20120713,短期信用评级,A-1,大公国际资信评估有限公司,投资级,为最高级短期债券，其还本付息能力最强，安全性最高。,,,,,,,,,,,,
267,2012-3-041158004.IB,,,,,,,,,,,,,20120731,短期信用评级,A-1,大公国际资信评估有限公司,投资级,为最高级短期债券，其还本付息能力最强，安全性最高。,,,,,,,,,,,,
268,2012-2-041154009.IB,20120604,短期信用评级,A-1,中诚信国际信用评级有限责任公司,投资级,为最高短期信用等级，其还本付息能力很强，安全性很高,,,,,,,,,,,,,,,,,,,,,,,,
269,2011-4-041154010.IB,,,,,,,20111021,短期信用评级,A-1,联合资信评估有限公司,投资级,A-1级短期债为最高级短期债，其还本付息能力最强，安全性最高。,,,,,,,,,,,,,,,,,,
270,2018-1-011764074.IB,,,,,,,,,,,,,,,,,,,20180122,短期信用评级,A-1,上海新世纪资信评估投资服务有限公司,投资级,最高级短期债券，其还本付息能力最强，安全性最高。,,,,,,
271,2012-2-041158010.IB,20120514,短期信用评级,A-1,中诚信国际信用评级有限责任公司,投资级,为最高短期信用等级，其还本付息能力很强，安全性很高,,,,,,,,,,,,,,,,,,,,,,,,
