,证券代码,证券简称,信用评级,评级类型,评估机构,债项评级时间,投资等级,等级含义
0,011219001.IB,12国电SCP001,A-1,短期信用评级,大公国际资信评估有限公司,20120625,投资级,为最高级短期债券，其还本付息能力最强，安全性最高。
1,011219002.IB,12国电SCP002,A-1,短期信用评级,大公国际资信评估有限公司,20120711,投资级,为最高级短期债券，其还本付息能力最强，安全性最高。
2,011234001.IB,12东航股SCP001,A-1,短期信用评级,大公国际资信评估有限公司,20120713,投资级,为最高级短期债券，其还本付息能力最强，安全性最高。
3,011234001.IB,12东航股SCP001,A-1,短期信用评级,大公国际资信评估有限公司,20130318,投资级,为最高级短期债券，其还本付息能力最强，安全性最高。
4,011319003.IB,13国电SCP003,A-1,短期信用评级,大公国际资信评估有限公司,20130329,投资级,为最高级短期债券，其还本付息能力最强，安全性最高。
5,011319004.IB,13国电SCP004,A-1,短期信用评级,大公国际资信评估有限公司,20130520,投资级,为最高级短期债券，其还本付息能力最强，安全性最高。
6,011319004.IB,13国电SCP004,A-1,短期信用评级,大公国际资信评估有限公司,20131121,投资级,为最高级短期债券，其还本付息能力最强，安全性最高。
7,011434001.IB,14东航股SCP001,A-1,短期信用评级,大公国际资信评估有限公司,20140430,投资级,为最高级短期债券，其还本付息能力最强，安全性最高。
8,011434001.IB,14东航股SCP001,A-1,短期信用评级,大公国际资信评估有限公司,20141021,投资级,为最高级短期债券，其还本付息能力最强，安全性最高。
9,011599957.IB,15精功SCP001,A-1,短期信用评级,大公国际资信评估有限公司,20150819,投资级,为最高级短期债券，其还本付息能力最强，安全性最高。
10,011599957.IB,15精功SCP001,A-1,短期信用评级,大公国际资信评估有限公司,20160126,投资级,为最高级短期债券，其还本付息能力最强，安全性最高。
11,011753022.IB,17中利科技SCP001,A-1,短期信用评级,大公国际资信评估有限公司,20170301,投资级,为最高级短期债券，其还本付息能力最强，安全性最高。
12,011753022.IB,17中利科技SCP001,A-1,短期信用评级,大公国际资信评估有限公司,20171020,投资级,为最高级短期债券，其还本付息能力最强，安全性最高。
13,011760021.IB,17华泰SCP001,A-1,短期信用评级,大公国际资信评估有限公司,20170217,投资级,为最高级短期债券，其还本付息能力最强，安全性最高。
14,011760049.IB,17长江出版SCP001,A-1,短期信用评级,大公国际资信评估有限公司,20170823,投资级,为最高级短期债券，其还本付息能力最强，安全性最高。
15,011762087.IB,17成都高新SCP001,A-1,短期信用评级,大公国际资信评估有限公司,20170807,投资级,为最高级短期债券，其还本付息能力最强，安全性最高。
16,011762087.IB,17成都高新SCP001,A-1,短期信用评级,大公国际资信评估有限公司,20180413,投资级,为最高级短期债券，其还本付息能力最强，安全性最高。
17,011764075.IB,17兵国资CP001,A-1,短期信用评级,大公国际资信评估有限公司,20170622,投资级,为最高级短期债券，其还本付息能力最强，安全性最高。
18,011764075.IB,17兵国资CP001,A-1,短期信用评级,大公国际资信评估有限公司,20171030,投资级,为最高级短期债券，其还本付息能力最强，安全性最高。
19,031800397.IB,18芯鑫租赁PPN001,A-1,短期信用评级,大公国际资信评估有限公司,20180706,投资级,为最高级短期债券，其还本付息能力最强，安全性最高。
20,041152001.IB,11国电集CP004,A-1,短期信用评级,大公国际资信评估有限公司,20110801,投资级,为最高级短期债券，其还本付息能力最强，安全性最高。
21,041152001.IB,11国电集CP004,A-1,短期信用评级,大公国际资信评估有限公司,20120627,投资级,为最高级短期债券，其还本付息能力最强，安全性最高。
22,041152005.IB,11赣粤CP002,A-1,短期信用评级,大公国际资信评估有限公司,20110826,投资级,为最高级短期债券，其还本付息能力最强，安全性最高。
23,041152005.IB,11赣粤CP002,A-1,短期信用评级,大公国际资信评估有限公司,20120307,投资级,为最高级短期债券，其还本付息能力最强，安全性最高。
24,041152012.IB,11大唐集CP002,A-1,短期信用评级,大公国际资信评估有限公司,20111108,投资级,为最高级短期债券，其还本付息能力最强，安全性最高。
25,041152012.IB,11大唐集CP002,A-1,短期信用评级,大公国际资信评估有限公司,20120531,投资级,为最高级短期债券，其还本付息能力最强，安全性最高。
26,041152014.IB,11美的CP002,A-1,短期信用评级,大公国际资信评估有限公司,20110530,投资级,为最高级短期债券，其还本付息能力最强，安全性最高。
27,041152014.IB,11美的CP002,A-1,短期信用评级,大公国际资信评估有限公司,20120607,投资级,为最高级短期债券，其还本付息能力最强，安全性最高。
28,041152018.IB,11赣粤CP003,A-1,短期信用评级,大公国际资信评估有限公司,20111122,投资级,为最高级短期债券，其还本付息能力最强，安全性最高。
29,041152018.IB,11赣粤CP003,A-1,短期信用评级,大公国际资信评估有限公司,20120502,投资级,为最高级短期债券，其还本付息能力最强，安全性最高。
30,041153008.IB,11胜通CP001,A-1,短期信用评级,大公国际资信评估有限公司,20110704,投资级,为最高级短期债券，其还本付息能力最强，安全性最高。
31,041153008.IB,11胜通CP001,A-1,短期信用评级,大公国际资信评估有限公司,20120627,投资级,为最高级短期债券，其还本付息能力最强，安全性最高。
32,041153011.IB,11新奥CP001,A-1,短期信用评级,大公国际资信评估有限公司,20111117,投资级,为最高级短期债券，其还本付息能力最强，安全性最高。
33,041153011.IB,11新奥CP001,A-1,短期信用评级,大公国际资信评估有限公司,20120621,投资级,为最高级短期债券，其还本付息能力最强，安全性最高。
34,041154003.IB,11船重CP001,A-1,短期信用评级,大公国际资信评估有限公司,20110808,投资级,为最高级短期债券，其还本付息能力最强，安全性最高。
35,041154003.IB,11船重CP001,A-1,短期信用评级,大公国际资信评估有限公司,20120411,投资级,为最高级短期债券，其还本付息能力最强，安全性最高。
36,041154005.IB,11铁二十一CP001,A-1,短期信用评级,大公国际资信评估有限公司,20110523,投资级,为最高级短期债券，其还本付息能力最强，安全性最高。
37,041154005.IB,11铁二十一CP001,A-1,短期信用评级,大公国际资信评估有限公司,20120630,投资级,为最高级短期债券，其还本付息能力最强，安全性最高。
38,041154006.IB,11阳泉CP001,A-1,短期信用评级,大公国际资信评估有限公司,20110919,投资级,为最高级短期债券，其还本付息能力最强，安全性最高。
39,041154006.IB,11阳泉CP001,A-1,短期信用评级,大公国际资信评估有限公司,20120224,投资级,为最高级短期债券，其还本付息能力最强，安全性最高。
40,041154007.IB,11船重CP002,A-1,短期信用评级,大公国际资信评估有限公司,20110824,投资级,为最高级短期债券，其还本付息能力最强，安全性最高。
41,041154007.IB,11船重CP002,A-1,短期信用评级,大公国际资信评估有限公司,20120411,投资级,为最高级短期债券，其还本付息能力最强，安全性最高。
42,041154018.IB,11甘公投CP001,A-1,短期信用评级,大公国际资信评估有限公司,20111108,投资级,为最高级短期债券，其还本付息能力最强，安全性最高。
43,041154018.IB,11甘公投CP001,A-1,短期信用评级,大公国际资信评估有限公司,20120615,投资级,为最高级短期债券，其还本付息能力最强，安全性最高。
44,041154019.IB,11统众CP001,A-1,短期信用评级,大公国际资信评估有限公司,20111118,投资级,为最高级短期债券，其还本付息能力最强，安全性最高。
45,041155002.IB,11天业CP001,A-1,短期信用评级,大公国际资信评估有限公司,20110909,投资级,为最高级短期债券，其还本付息能力最强，安全性最高。
46,041155002.IB,11天业CP001,A-1,短期信用评级,大公国际资信评估有限公司,20120626,投资级,为最高级短期债券，其还本付息能力最强，安全性最高。
47,041156001.IB,11大唐新能CP001,A-1,短期信用评级,大公国际资信评估有限公司,20110616,投资级,为最高级短期债券，其还本付息能力最强，安全性最高。
48,041156001.IB,11大唐新能CP001,A-1,短期信用评级,大公国际资信评估有限公司,20120627,投资级,为最高级短期债券，其还本付息能力最强，安全性最高。
49,041156002.IB,11桂有色CP001,A-1,短期信用评级,大公国际资信评估有限公司,20110801,投资级,为最高级短期债券，其还本付息能力最强，安全性最高。
50,041156002.IB,11桂有色CP001,A-1,短期信用评级,大公国际资信评估有限公司,20120625,投资级,为最高级短期债券，其还本付息能力最强，安全性最高。
51,041156004.IB,11皖能源CP001,A-1,短期信用评级,大公国际资信评估有限公司,20110513,投资级,为最高级短期债券，其还本付息能力最强，安全性最高。
52,041156004.IB,11皖能源CP001,A-1,短期信用评级,大公国际资信评估有限公司,20120626,投资级,为最高级短期债券，其还本付息能力最强，安全性最高。
53,041156005.IB,11大唐托电CP001,A-1,短期信用评级,大公国际资信评估有限公司,20110506,投资级,为最高级短期债券，其还本付息能力最强，安全性最高。
54,041156005.IB,11大唐托电CP001,A-1,短期信用评级,大公国际资信评估有限公司,20120523,投资级,为最高级短期债券，其还本付息能力最强，安全性最高。
55,041158003.IB,11新乡化纤CP001,A-1,短期信用评级,大公国际资信评估有限公司,20110520,投资级,为最高级短期债券，其还本付息能力最强，安全性最高。
56,041158003.IB,11新乡化纤CP001,A-1,短期信用评级,大公国际资信评估有限公司,20120629,投资级,为最高级短期债券，其还本付息能力最强，安全性最高。
57,041158004.IB,11中铁股CP001,A-1,短期信用评级,大公国际资信评估有限公司,20110715,投资级,为最高级短期债券，其还本付息能力最强，安全性最高。
58,041158004.IB,11中铁股CP001,A-1,短期信用评级,大公国际资信评估有限公司,20120731,投资级,为最高级短期债券，其还本付息能力最强，安全性最高。
59,041158007.IB,11南京三桥CP001,A-1,短期信用评级,大公国际资信评估有限公司,20110519,投资级,为最高级短期债券，其还本付息能力最强，安全性最高。
60,041158007.IB,11南京三桥CP001,A-1,短期信用评级,大公国际资信评估有限公司,20120625,投资级,为最高级短期债券，其还本付息能力最强，安全性最高。
61,041158008.IB,11皖高速CP001,A-1,短期信用评级,大公国际资信评估有限公司,20111014,投资级,为最高级短期债券，其还本付息能力最强，安全性最高。
62,041158008.IB,11皖高速CP001,A-1,短期信用评级,大公国际资信评估有限公司,20120627,投资级,为最高级短期债券，其还本付息能力最强，安全性最高。
63,041158013.IB,11皖交投CP002,A-1,短期信用评级,大公国际资信评估有限公司,20110922,投资级,为最高级短期债券，其还本付息能力最强，安全性最高。
64,041158013.IB,11皖交投CP002,A-1,短期信用评级,大公国际资信评估有限公司,20120621,投资级,为最高级短期债券，其还本付息能力最强，安全性最高。
65,041158025.IB,11文传媒CP001,A-1,短期信用评级,大公国际资信评估有限公司,20111010,投资级,为最高级短期债券，其还本付息能力最强，安全性最高。
66,041158025.IB,11文传媒CP001,A-1,短期信用评级,大公国际资信评估有限公司,20120615,投资级,为最高级短期债券，其还本付息能力最强，安全性最高。
67,041159011.IB,11国新能源CP001,A-1,短期信用评级,大公国际资信评估有限公司,20110711,投资级,为最高级短期债券，其还本付息能力最强，安全性最高。
68,041159011.IB,11国新能源CP001,A-1,短期信用评级,大公国际资信评估有限公司,20120628,投资级,为最高级短期债券，其还本付息能力最强，安全性最高。
69,041159013.IB,11川升达CP001,A-1,短期信用评级,大公国际资信评估有限公司,20110516,投资级,为最高级短期债券，其还本付息能力最强，安全性最高。
70,041159013.IB,11川升达CP001,A-1,短期信用评级,大公国际资信评估有限公司,20120626,投资级,为最高级短期债券，其还本付息能力最强，安全性最高。
71,011218005.IB,12铁物资SCP005,AAA,长期信用评级,大公国际资信评估有限公司,20121108,投资级,偿还债务的能力极强，基本不受不利经济环境的影响，违约风险极低。 
72,011780001.IB,17盈峰SCP001,A-1,短期信用评级,东方金诚国际信用评估有限公司,20170424,投资级,还本付息能力最强，安全性高 
73,011800709.IB,18三木SCP001,A-1,短期信用评级,东方金诚国际信用评估有限公司,20180409,投资级,还本付息能力最强，安全性高 
74,011800709.IB,18三木SCP001,A-1,短期信用评级,东方金诚国际信用评估有限公司,20180710,投资级,还本付息能力最强，安全性高 
75,011235001.IB,12中航油SCP001,A-1,短期信用评级,联合资信评估有限公司,20120730,投资级,A-1级短期债为最高级短期债，其还本付息能力最强，安全性最高。
76,011235002.IB,12中航油SCP002,A-1,短期信用评级,联合资信评估有限公司,20121116,投资级,A-1级短期债为最高级短期债，其还本付息能力最强，安全性最高。
77,011764131.IB,17陕煤化SCP007,A-1,短期信用评级,联合资信评估有限公司,20171116,投资级,A-1级短期债为最高级短期债，其还本付息能力最强，安全性最高。
78,011801375.IB,18汉光谷SCP001,A-1,短期信用评级,联合资信评估有限公司,20180723,投资级,A-1级短期债为最高级短期债，其还本付息能力最强，安全性最高。
79,041151002.IB,11中石油CP002,A-1,短期信用评级,联合资信评估有限公司,20110913,投资级,A-1级短期债为最高级短期债，其还本付息能力最强，安全性最高。
80,041151002.IB,11中石油CP002,A-1,短期信用评级,联合资信评估有限公司,20120629,投资级,A-1级短期债为最高级短期债，其还本付息能力最强，安全性最高。
81,041151004.IB,11华能集CP004,A-1,短期信用评级,联合资信评估有限公司,20110913,投资级,A-1级短期债为最高级短期债，其还本付息能力最强，安全性最高。
82,041151004.IB,11华能集CP004,A-1,短期信用评级,联合资信评估有限公司,20120522,投资级,A-1级短期债为最高级短期债，其还本付息能力最强，安全性最高。
83,041151008.IB,11电网CP001,A-1,短期信用评级,联合资信评估有限公司,20110715,投资级,A-1级短期债为最高级短期债，其还本付息能力最强，安全性最高。
84,041151010.IB,11玉柴股CP003,A-1,短期信用评级,联合资信评估有限公司,20110830,投资级,A-1级短期债为最高级短期债，其还本付息能力最强，安全性最高。
85,041151011.IB,11中石油CP003,A-1,短期信用评级,联合资信评估有限公司,20111020,投资级,A-1级短期债为最高级短期债，其还本付息能力最强，安全性最高。
86,041151011.IB,11中石油CP003,A-1,短期信用评级,联合资信评估有限公司,20120629,投资级,A-1级短期债为最高级短期债，其还本付息能力最强，安全性最高。
87,041151014.IB,11京热电CP001,A-1,短期信用评级,联合资信评估有限公司,20111109,投资级,A-1级短期债为最高级短期债，其还本付息能力最强，安全性最高。
88,041151014.IB,11京热电CP001,A-1,短期信用评级,联合资信评估有限公司,20121226,投资级,A-1级短期债为最高级短期债，其还本付息能力最强，安全性最高。
89,041152004.IB,11四建CP002,A-1,短期信用评级,联合资信评估有限公司,20110726,投资级,A-1级短期债为最高级短期债，其还本付息能力最强，安全性最高。
90,041152004.IB,11四建CP002,A-1,短期信用评级,联合资信评估有限公司,20120720,投资级,A-1级短期债为最高级短期债，其还本付息能力最强，安全性最高。
91,041152007.IB,11红豆CP002,A-1,短期信用评级,联合资信评估有限公司,20110902,投资级,A-1级短期债为最高级短期债，其还本付息能力最强，安全性最高。
92,041152007.IB,11红豆CP002,A-1,短期信用评级,联合资信评估有限公司,20120802,投资级,A-1级短期债为最高级短期债，其还本付息能力最强，安全性最高。
93,041152008.IB,11招金CP001,A-1,短期信用评级,联合资信评估有限公司,20110615,投资级,A-1级短期债为最高级短期债，其还本付息能力最强，安全性最高。
94,041152009.IB,11杭州湾CP001,A-1,短期信用评级,联合资信评估有限公司,20110908,投资级,A-1级短期债为最高级短期债，其还本付息能力最强，安全性最高。
95,041152009.IB,11杭州湾CP001,A-1,短期信用评级,联合资信评估有限公司,20120423,投资级,A-1级短期债为最高级短期债，其还本付息能力最强，安全性最高。
96,041152010.IB,11粤橡胶CP001,A-1,短期信用评级,联合资信评估有限公司,20110315,投资级,A-1级短期债为最高级短期债，其还本付息能力最强，安全性最高。
97,041152011.IB,11阳光CP001,A-1,短期信用评级,联合资信评估有限公司,20111028,投资级,A-1级短期债为最高级短期债，其还本付息能力最强，安全性最高。
98,041152011.IB,11阳光CP001,A-1,短期信用评级,联合资信评估有限公司,20120920,投资级,A-1级短期债为最高级短期债，其还本付息能力最强，安全性最高。
99,041152013.IB,11正泰CP002,A-1,短期信用评级,联合资信评估有限公司,20110926,投资级,A-1级短期债为最高级短期债，其还本付息能力最强，安全性最高。
100,041152017.IB,11三福船舶CP001,A-1,短期信用评级,联合资信评估有限公司,20111028,投资级,A-1级短期债为最高级短期债，其还本付息能力最强，安全性最高。
101,041152017.IB,11三福船舶CP001,A-1,短期信用评级,联合资信评估有限公司,20120504,投资级,A-1级短期债为最高级短期债，其还本付息能力最强，安全性最高。
102,041152019.IB,11长虹CP003,A-1,短期信用评级,联合资信评估有限公司,20111206,投资级,A-1级短期债为最高级短期债，其还本付息能力最强，安全性最高。
103,041152019.IB,11长虹CP003,A-1,短期信用评级,联合资信评估有限公司,20120831,投资级,A-1级短期债为最高级短期债，其还本付息能力最强，安全性最高。
104,041153005.IB,11永辉CP001,A-1,短期信用评级,联合资信评估有限公司,20111018,投资级,A-1级短期债为最高级短期债，其还本付息能力最强，安全性最高。
105,041153005.IB,11永辉CP001,A-1,短期信用评级,联合资信评估有限公司,20120925,投资级,A-1级短期债为最高级短期债，其还本付息能力最强，安全性最高。
106,041153006.IB,11中化工CP002,A-1,短期信用评级,联合资信评估有限公司,20111020,投资级,A-1级短期债为最高级短期债，其还本付息能力最强，安全性最高。
107,041154008.IB,11凌工业CP001,A-1,短期信用评级,联合资信评估有限公司,20110504,投资级,A-1级短期债为最高级短期债，其还本付息能力最强，安全性最高。
108,041154010.IB,11石河子CP002,A-1,短期信用评级,联合资信评估有限公司,20111021,投资级,A-1级短期债为最高级短期债，其还本付息能力最强，安全性最高。
109,041154010.IB,11石河子CP002,A-1,短期信用评级,联合资信评估有限公司,20120615,投资级,A-1级短期债为最高级短期债，其还本付息能力最强，安全性最高。
110,041154012.IB,11广汽CP001,A-1,短期信用评级,联合资信评估有限公司,20110914,投资级,A-1级短期债为最高级短期债，其还本付息能力最强，安全性最高。
111,041154013.IB,11海翼CP004,A-1,短期信用评级,联合资信评估有限公司,20111014,投资级,A-1级短期债为最高级短期债，其还本付息能力最强，安全性最高。
112,041154016.IB,11华侨城CP003,A-1,短期信用评级,联合资信评估有限公司,20110919,投资级,A-1级短期债为最高级短期债，其还本付息能力最强，安全性最高。
113,041154016.IB,11华侨城CP003,A-1,短期信用评级,联合资信评估有限公司,20121012,投资级,A-1级短期债为最高级短期债，其还本付息能力最强，安全性最高。
114,041154017.IB,11北大荒CP004,A-1,短期信用评级,联合资信评估有限公司,20111123,投资级,A-1级短期债为最高级短期债，其还本付息能力最强，安全性最高。
115,041154017.IB,11北大荒CP004,A-1,短期信用评级,联合资信评估有限公司,20120813,投资级,A-1级短期债为最高级短期债，其还本付息能力最强，安全性最高。
116,041155001.IB,11铁十六CP001,A-1,短期信用评级,联合资信评估有限公司,20110525,投资级,A-1级短期债为最高级短期债，其还本付息能力最强，安全性最高。
117,041156006.IB,11滇建工CP001,A-1,短期信用评级,联合资信评估有限公司,20110916,投资级,A-1级短期债为最高级短期债，其还本付息能力最强，安全性最高。
118,041156008.IB,11祥光CP002,A-1,短期信用评级,联合资信评估有限公司,20110905,投资级,A-1级短期债为最高级短期债，其还本付息能力最强，安全性最高。
119,041156008.IB,11祥光CP002,A-1,短期信用评级,联合资信评估有限公司,20120801,投资级,A-1级短期债为最高级短期债，其还本付息能力最强，安全性最高。
120,041156011.IB,11天士力CP001,A-1,短期信用评级,联合资信评估有限公司,20110823,投资级,A-1级短期债为最高级短期债，其还本付息能力最强，安全性最高。
121,041156011.IB,11天士力CP001,A-1,短期信用评级,联合资信评估有限公司,20120724,投资级,A-1级短期债为最高级短期债，其还本付息能力最强，安全性最高。
122,041156012.IB,11豫投资CP001,A-1,短期信用评级,联合资信评估有限公司,20110921,投资级,A-1级短期债为最高级短期债，其还本付息能力最强，安全性最高。
123,041156013.IB,11电网CP002,A-1,短期信用评级,联合资信评估有限公司,20111117,投资级,A-1级短期债为最高级短期债，其还本付息能力最强，安全性最高。
124,041156013.IB,11电网CP002,A-1,短期信用评级,联合资信评估有限公司,20121221,投资级,A-1级短期债为最高级短期债，其还本付息能力最强，安全性最高。
125,041158023.IB,11漳州股CP001,A-1,短期信用评级,联合资信评估有限公司,20111117,投资级,A-1级短期债为最高级短期债，其还本付息能力最强，安全性最高。
126,041158023.IB,11漳州股CP001,A-1,短期信用评级,联合资信评估有限公司,20121225,投资级,A-1级短期债为最高级短期债，其还本付息能力最强，安全性最高。
127,041158026.IB,11多氟多CP001,A-1,短期信用评级,联合资信评估有限公司,20111128,投资级,A-1级短期债为最高级短期债，其还本付息能力最强，安全性最高。
128,041158026.IB,11多氟多CP001,A-1,短期信用评级,联合资信评估有限公司,20121226,投资级,A-1级短期债为最高级短期债，其还本付息能力最强，安全性最高。
129,041158027.IB,11华天CP002,A-1,短期信用评级,联合资信评估有限公司,20111223,投资级,A-1级短期债为最高级短期债，其还本付息能力最强，安全性最高。
130,041158027.IB,11华天CP002,A-1,短期信用评级,联合资信评估有限公司,20120726,投资级,A-1级短期债为最高级短期债，其还本付息能力最强，安全性最高。
131,041158028.IB,11人福CP002,A-1,短期信用评级,联合资信评估有限公司,20111122,投资级,A-1级短期债为最高级短期债，其还本付息能力最强，安全性最高。
132,041159001.IB,11首旅CP001,A-1,短期信用评级,联合资信评估有限公司,20111027,投资级,A-1级短期债为最高级短期债，其还本付息能力最强，安全性最高。
133,041159006.IB,11同方CP001,A-1,短期信用评级,联合资信评估有限公司,20110523,投资级,A-1级短期债为最高级短期债，其还本付息能力最强，安全性最高。
134,041159006.IB,11同方CP001,A-1,短期信用评级,联合资信评估有限公司,20111025,投资级,A-1级短期债为最高级短期债，其还本付息能力最强，安全性最高。
135,041159006.IB,11同方CP001,A-1,短期信用评级,联合资信评估有限公司,20120831,投资级,A-1级短期债为最高级短期债，其还本付息能力最强，安全性最高。
136,041159007.IB,11蒙高新CP002,A-1,短期信用评级,联合资信评估有限公司,20110728,投资级,A-1级短期债为最高级短期债，其还本付息能力最强，安全性最高。
137,041159010.IB,11重汽CP002,A-1,短期信用评级,联合资信评估有限公司,20110915,投资级,A-1级短期债为最高级短期债，其还本付息能力最强，安全性最高。
138,041159014.IB,11苏汇鸿CP002,A-1,短期信用评级,联合资信评估有限公司,20111012,投资级,A-1级短期债为最高级短期债，其还本付息能力最强，安全性最高。
139,041159014.IB,11苏汇鸿CP002,A-1,短期信用评级,联合资信评估有限公司,20120905,投资级,A-1级短期债为最高级短期债，其还本付息能力最强，安全性最高。
140,041159015.IB,11盾安CP001,A-1,短期信用评级,联合资信评估有限公司,20110919,投资级,A-1级短期债为最高级短期债，其还本付息能力最强，安全性最高。
141,041159016.IB,11丝绸CP002,A-1,短期信用评级,联合资信评估有限公司,20111014,投资级,A-1级短期债为最高级短期债，其还本付息能力最强，安全性最高。
142,041159017.IB,11同方CP002,A-1,短期信用评级,联合资信评估有限公司,20111025,投资级,A-1级短期债为最高级短期债，其还本付息能力最强，安全性最高。
143,041159017.IB,11同方CP002,A-1,短期信用评级,联合资信评估有限公司,20120831,投资级,A-1级短期债为最高级短期债，其还本付息能力最强，安全性最高。
144,041158006.IB,11江西赛维CP001,A-2,短期信用评级,上海新世纪资信评估投资服务有限公司,20120926,投资级,还本付息能力较强，安全性较高。
145,011599401.IB,15龙控SCP001,A-1,短期信用评级,上海新世纪资信评估投资服务有限公司,20150623,投资级,最高级短期债券，其还本付息能力最强，安全性最高。
146,011599681.IB,15龙控SCP002,A-1,短期信用评级,上海新世纪资信评估投资服务有限公司,20151023,投资级,最高级短期债券，其还本付息能力最强，安全性最高。
147,011698051.IB,16粤垦投资SCP001,A-1,短期信用评级,上海新世纪资信评估投资服务有限公司,20160307,投资级,最高级短期债券，其还本付息能力最强，安全性最高。
148,011698051.IB,16粤垦投资SCP001,A-1,短期信用评级,上海新世纪资信评估投资服务有限公司,20170106,投资级,最高级短期债券，其还本付息能力最强，安全性最高。
149,011699987.IB,16南京化工SCP001,A-1,短期信用评级,上海新世纪资信评估投资服务有限公司,20160118,投资级,最高级短期债券，其还本付息能力最强，安全性最高。
150,011699987.IB,16南京化工SCP001,A-1,短期信用评级,上海新世纪资信评估投资服务有限公司,20161222,投资级,最高级短期债券，其还本付息能力最强，安全性最高。
151,011764074.IB,17兵团六师CP001,A-1,短期信用评级,上海新世纪资信评估投资服务有限公司,20170711,投资级,最高级短期债券，其还本付息能力最强，安全性最高。
152,011764074.IB,17兵团六师CP001,A-1,短期信用评级,上海新世纪资信评估投资服务有限公司,20180122,投资级,最高级短期债券，其还本付息能力最强，安全性最高。
153,011800217.IB,18永达SCP001,A-1,短期信用评级,上海新世纪资信评估投资服务有限公司,20180205,投资级,最高级短期债券，其还本付息能力最强，安全性最高。
154,041152006.IB,11万宝CP001,A-1,短期信用评级,上海新世纪资信评估投资服务有限公司,20110616,投资级,最高级短期债券，其还本付息能力最强，安全性最高。
155,041152006.IB,11万宝CP001,A-1,短期信用评级,上海新世纪资信评估投资服务有限公司,20120820,投资级,最高级短期债券，其还本付息能力最强，安全性最高。
156,041152016.IB,11南方水泥CP001,A-1,短期信用评级,上海新世纪资信评估投资服务有限公司,20110610,投资级,最高级短期债券，其还本付息能力最强，安全性最高。
157,041152016.IB,11南方水泥CP001,A-1,短期信用评级,上海新世纪资信评估投资服务有限公司,20120709,投资级,最高级短期债券，其还本付息能力最强，安全性最高。
158,041153009.IB,11东莞海龙CP001,A-1,短期信用评级,上海新世纪资信评估投资服务有限公司,20110906,投资级,最高级短期债券，其还本付息能力最强，安全性最高。
159,041153009.IB,11东莞海龙CP001,A-1,短期信用评级,上海新世纪资信评估投资服务有限公司,20120718,投资级,最高级短期债券，其还本付息能力最强，安全性最高。
160,041153010.IB,11宁交通CP002,A-1,短期信用评级,上海新世纪资信评估投资服务有限公司,20111108,投资级,最高级短期债券，其还本付息能力最强，安全性最高。
161,041153010.IB,11宁交通CP002,A-1,短期信用评级,上海新世纪资信评估投资服务有限公司,20120716,投资级,最高级短期债券，其还本付息能力最强，安全性最高。
162,041154001.IB,11志高CP001,A-1,短期信用评级,上海新世纪资信评估投资服务有限公司,20110401,投资级,最高级短期债券，其还本付息能力最强，安全性最高。
163,041154001.IB,11志高CP001,A-1,短期信用评级,上海新世纪资信评估投资服务有限公司,20120606,投资级,最高级短期债券，其还本付息能力最强，安全性最高。
164,041154004.IB,11沪电气CP003,A-1,短期信用评级,上海新世纪资信评估投资服务有限公司,20110825,投资级,最高级短期债券，其还本付息能力最强，安全性最高。
165,041154004.IB,11沪电气CP003,A-1,短期信用评级,上海新世纪资信评估投资服务有限公司,20120227,投资级,最高级短期债券，其还本付息能力最强，安全性最高。
166,041154011.IB,11大唐潮州CP001,A-1,短期信用评级,上海新世纪资信评估投资服务有限公司,20110920,投资级,最高级短期债券，其还本付息能力最强，安全性最高。
167,041154011.IB,11大唐潮州CP001,A-1,短期信用评级,上海新世纪资信评估投资服务有限公司,20120625,投资级,最高级短期债券，其还本付息能力最强，安全性最高。
168,041155003.IB,11沪城投CP001,A-1,短期信用评级,上海新世纪资信评估投资服务有限公司,20111019,投资级,最高级短期债券，其还本付息能力最强，安全性最高。
169,041155003.IB,11沪城投CP001,A-1,短期信用评级,上海新世纪资信评估投资服务有限公司,20120605,投资级,最高级短期债券，其还本付息能力最强，安全性最高。
170,041158002.IB,11中外运CP001,A-1,短期信用评级,上海新世纪资信评估投资服务有限公司,20110610,投资级,最高级短期债券，其还本付息能力最强，安全性最高。
171,041158002.IB,11中外运CP001,A-1,短期信用评级,上海新世纪资信评估投资服务有限公司,20120619,投资级,最高级短期债券，其还本付息能力最强，安全性最高。
172,041158006.IB,11江西赛维CP001,A-1,短期信用评级,上海新世纪资信评估投资服务有限公司,20110411,投资级,最高级短期债券，其还本付息能力最强，安全性最高。
173,041158006.IB,11江西赛维CP001,A-1,短期信用评级,上海新世纪资信评估投资服务有限公司,20120629,投资级,最高级短期债券，其还本付息能力最强，安全性最高。
174,041158006.IB,11江西赛维CP001,A-1,短期信用评级,上海新世纪资信评估投资服务有限公司,20120831,投资级,最高级短期债券，其还本付息能力最强，安全性最高。
175,041158012.IB,11上海港CP002,A-1,短期信用评级,上海新世纪资信评估投资服务有限公司,20111010,投资级,最高级短期债券，其还本付息能力最强，安全性最高。
176,041158012.IB,11上海港CP002,A-1,短期信用评级,上海新世纪资信评估投资服务有限公司,20120428,投资级,最高级短期债券，其还本付息能力最强，安全性最高。
177,041158014.IB,11龙盛CP002,A-1,短期信用评级,上海新世纪资信评估投资服务有限公司,20110927,投资级,最高级短期债券，其还本付息能力最强，安全性最高。
178,041158014.IB,11龙盛CP002,A-1,短期信用评级,上海新世纪资信评估投资服务有限公司,20120806,投资级,最高级短期债券，其还本付息能力最强，安全性最高。
179,041158016.IB,11广汇汽车CP001,A-1,短期信用评级,上海新世纪资信评估投资服务有限公司,20111018,投资级,最高级短期债券，其还本付息能力最强，安全性最高。
180,041158016.IB,11广汇汽车CP001,A-1,短期信用评级,上海新世纪资信评估投资服务有限公司,20120607,投资级,最高级短期债券，其还本付息能力最强，安全性最高。
181,041158019.IB,11超导CP001,A-1,短期信用评级,上海新世纪资信评估投资服务有限公司,20111107,投资级,最高级短期债券，其还本付息能力最强，安全性最高。
182,041158019.IB,11超导CP001,A-1,短期信用评级,上海新世纪资信评估投资服务有限公司,20120626,投资级,最高级短期债券，其还本付息能力最强，安全性最高。
183,041158022.IB,11铁二十五CP001,A-1,短期信用评级,上海新世纪资信评估投资服务有限公司,20111109,投资级,最高级短期债券，其还本付息能力最强，安全性最高。
184,041158022.IB,11铁二十五CP001,A-1,短期信用评级,上海新世纪资信评估投资服务有限公司,20120711,投资级,最高级短期债券，其还本付息能力最强，安全性最高。
185,041158024.IB,11久立CP001,A-1,短期信用评级,上海新世纪资信评估投资服务有限公司,20110831,投资级,最高级短期债券，其还本付息能力最强，安全性最高。
186,041158024.IB,11久立CP001,A-1,短期信用评级,上海新世纪资信评估投资服务有限公司,20120724,投资级,最高级短期债券，其还本付息能力最强，安全性最高。
187,041159008.IB,11中利科技CP001,A-1,短期信用评级,上海新世纪资信评估投资服务有限公司,20110411,投资级,最高级短期债券，其还本付息能力最强，安全性最高。
188,041159008.IB,11中利科技CP001,A-1,短期信用评级,上海新世纪资信评估投资服务有限公司,20120413,投资级,最高级短期债券，其还本付息能力最强，安全性最高。
189,041158011.IB,11新中基CP001,B,短期信用评级,中诚信国际信用评级有限责任公司,20121011,投机级,还本付息能力较低，有一定的违约风险。
190,011216001.IB,12华电股SCP001,A-1,短期信用评级,中诚信国际信用评级有限责任公司,20120618,投资级,为最高短期信用等级，其还本付息能力很强，安全性很高
191,011216002.IB,12华电股SCP002,A-1,短期信用评级,中诚信国际信用评级有限责任公司,20120918,投资级,为最高短期信用等级，其还本付息能力很强，安全性很高
192,011599020.IB,15梅花SCP001,A-1,短期信用评级,中诚信国际信用评级有限责任公司,20150120,投资级,为最高短期信用等级，其还本付息能力很强，安全性很高
193,041151003.IB,11瓮福CP001,A-1,短期信用评级,中诚信国际信用评级有限责任公司,20110907,投资级,为最高短期信用等级，其还本付息能力很强，安全性很高
194,041151003.IB,11瓮福CP001,A-1,短期信用评级,中诚信国际信用评级有限责任公司,20120614,投资级,为最高短期信用等级，其还本付息能力很强，安全性很高
195,041151005.IB,11联通CP002,A-1,短期信用评级,中诚信国际信用评级有限责任公司,20110923,投资级,为最高短期信用等级，其还本付息能力很强，安全性很高
196,041151005.IB,11联通CP002,A-1,短期信用评级,中诚信国际信用评级有限责任公司,20120621,投资级,为最高短期信用等级，其还本付息能力很强，安全性很高
197,041151006.IB,11华电股CP002,A-1,短期信用评级,中诚信国际信用评级有限责任公司,20110914,投资级,为最高短期信用等级，其还本付息能力很强，安全性很高
198,041151006.IB,11华电股CP002,A-1,短期信用评级,中诚信国际信用评级有限责任公司,20120515,投资级,为最高短期信用等级，其还本付息能力很强，安全性很高
199,041151007.IB,11中铁建CP001,A-1,短期信用评级,中诚信国际信用评级有限责任公司,20110804,投资级,为最高短期信用等级，其还本付息能力很强，安全性很高
200,041151007.IB,11中铁建CP001,A-1,短期信用评级,中诚信国际信用评级有限责任公司,20120828,投资级,为最高短期信用等级，其还本付息能力很强，安全性很高
201,041151009.IB,11鞍钢CP001,A-1,短期信用评级,中诚信国际信用评级有限责任公司,20111018,投资级,为最高短期信用等级，其还本付息能力很强，安全性很高
202,041151009.IB,11鞍钢CP001,A-1,短期信用评级,中诚信国际信用评级有限责任公司,20120720,投资级,为最高短期信用等级，其还本付息能力很强，安全性很高
203,041151012.IB,11桂旅游CP002,A-1,短期信用评级,中诚信国际信用评级有限责任公司,20111025,投资级,为最高短期信用等级，其还本付息能力很强，安全性很高
204,041151012.IB,11桂旅游CP002,A-1,短期信用评级,中诚信国际信用评级有限责任公司,20120613,投资级,为最高短期信用等级，其还本付息能力很强，安全性很高
205,041151013.IB,11八钢CP001,A-1,短期信用评级,中诚信国际信用评级有限责任公司,20111111,投资级,为最高短期信用等级，其还本付息能力很强，安全性很高
206,041151013.IB,11八钢CP001,A-1,短期信用评级,中诚信国际信用评级有限责任公司,20120731,投资级,为最高短期信用等级，其还本付息能力很强，安全性很高
207,041152002.IB,11北医药CP003,A-1,短期信用评级,中诚信国际信用评级有限责任公司,20110517,投资级,为最高短期信用等级，其还本付息能力很强，安全性很高
208,041152002.IB,11北医药CP003,A-1,短期信用评级,中诚信国际信用评级有限责任公司,20111229,投资级,为最高短期信用等级，其还本付息能力很强，安全性很高
209,041152003.IB,11二重CP001,A-1,短期信用评级,中诚信国际信用评级有限责任公司,20110905,投资级,为最高短期信用等级，其还本付息能力很强，安全性很高
210,041152003.IB,11二重CP001,A-1,短期信用评级,中诚信国际信用评级有限责任公司,20120530,投资级,为最高短期信用等级，其还本付息能力很强，安全性很高
211,041152015.IB,11新希望CP001,A-1,短期信用评级,中诚信国际信用评级有限责任公司,20111012,投资级,为最高短期信用等级，其还本付息能力很强，安全性很高
212,041152015.IB,11新希望CP001,A-1,短期信用评级,中诚信国际信用评级有限责任公司,20120419,投资级,为最高短期信用等级，其还本付息能力很强，安全性很高
213,041153002.IB,11华能CP002,A-1,短期信用评级,中诚信国际信用评级有限责任公司,20110707,投资级,为最高短期信用等级，其还本付息能力很强，安全性很高
214,041153002.IB,11华能CP002,A-1,短期信用评级,中诚信国际信用评级有限责任公司,20120629,投资级,为最高短期信用等级，其还本付息能力很强，安全性很高
215,041153003.IB,11武钢CP003,A-1,短期信用评级,中诚信国际信用评级有限责任公司,20110906,投资级,为最高短期信用等级，其还本付息能力很强，安全性很高
216,041153003.IB,11武钢CP003,A-1,短期信用评级,中诚信国际信用评级有限责任公司,20111017,投资级,为最高短期信用等级，其还本付息能力很强，安全性很高
217,041153003.IB,11武钢CP003,A-1,短期信用评级,中诚信国际信用评级有限责任公司,20120702,投资级,为最高短期信用等级，其还本付息能力很强，安全性很高
218,041153004.IB,11皖山鹰CP002,A-1,短期信用评级,中诚信国际信用评级有限责任公司,20110725,投资级,为最高短期信用等级，其还本付息能力很强，安全性很高
219,041153004.IB,11皖山鹰CP002,A-1,短期信用评级,中诚信国际信用评级有限责任公司,20120427,投资级,为最高短期信用等级，其还本付息能力很强，安全性很高
220,041153007.IB,11辽通CP001,A-1,短期信用评级,中诚信国际信用评级有限责任公司,20111108,投资级,为最高短期信用等级，其还本付息能力很强，安全性很高
221,041153007.IB,11辽通CP001,A-1,短期信用评级,中诚信国际信用评级有限责任公司,20120528,投资级,为最高短期信用等级，其还本付息能力很强，安全性很高
222,041154002.IB,11长电CP003,A-1,短期信用评级,中诚信国际信用评级有限责任公司,20110831,投资级,为最高短期信用等级，其还本付息能力很强，安全性很高
223,041154002.IB,11长电CP003,A-1,短期信用评级,中诚信国际信用评级有限责任公司,20111122,投资级,为最高短期信用等级，其还本付息能力很强，安全性很高
224,041154002.IB,11长电CP003,A-1,短期信用评级,中诚信国际信用评级有限责任公司,20120820,投资级,为最高短期信用等级，其还本付息能力很强，安全性很高
225,041154009.IB,11闽投CP002,A-1,短期信用评级,中诚信国际信用评级有限责任公司,20111019,投资级,为最高短期信用等级，其还本付息能力很强，安全性很高
226,041154009.IB,11闽投CP002,A-1,短期信用评级,中诚信国际信用评级有限责任公司,20120604,投资级,为最高短期信用等级，其还本付息能力很强，安全性很高
227,041154014.IB,11铁二股CP001,A-1,短期信用评级,中诚信国际信用评级有限责任公司,20110811,投资级,为最高短期信用等级，其还本付息能力很强，安全性很高
228,041154014.IB,11铁二股CP001,A-1,短期信用评级,中诚信国际信用评级有限责任公司,20120427,投资级,为最高短期信用等级，其还本付息能力很强，安全性很高
229,041154015.IB,11闽建工CP002,A-1,短期信用评级,中诚信国际信用评级有限责任公司,20111110,投资级,为最高短期信用等级，其还本付息能力很强，安全性很高
230,041154015.IB,11闽建工CP002,A-1,短期信用评级,中诚信国际信用评级有限责任公司,20120612,投资级,为最高短期信用等级，其还本付息能力很强，安全性很高
231,041156003.IB,11TCL集CP001,A-1,短期信用评级,中诚信国际信用评级有限责任公司,20110516,投资级,为最高短期信用等级，其还本付息能力很强，安全性很高
232,041156007.IB,11粤中旅CP001,A-1,短期信用评级,中诚信国际信用评级有限责任公司,20110425,投资级,为最高短期信用等级，其还本付息能力很强，安全性很高
233,041156007.IB,11粤中旅CP001,A-1,短期信用评级,中诚信国际信用评级有限责任公司,20120621,投资级,为最高短期信用等级，其还本付息能力很强，安全性很高
234,041156009.IB,11开滦CP001,A-1,短期信用评级,中诚信国际信用评级有限责任公司,20111020,投资级,为最高短期信用等级，其还本付息能力很强，安全性很高
235,041156009.IB,11开滦CP001,A-1,短期信用评级,中诚信国际信用评级有限责任公司,20120525,投资级,为最高短期信用等级，其还本付息能力很强，安全性很高
236,041156010.IB,11国开投CP001,A-1,短期信用评级,中诚信国际信用评级有限责任公司,20110907,投资级,为最高短期信用等级，其还本付息能力很强，安全性很高
237,041156010.IB,11国开投CP001,A-1,短期信用评级,中诚信国际信用评级有限责任公司,20120629,投资级,为最高短期信用等级，其还本付息能力很强，安全性很高
238,041158001.IB,11南玻CP001,A-1,短期信用评级,中诚信国际信用评级有限责任公司,20110705,投资级,为最高短期信用等级，其还本付息能力很强，安全性很高
239,041158001.IB,11南玻CP001,A-1,短期信用评级,中诚信国际信用评级有限责任公司,20120727,投资级,为最高短期信用等级，其还本付息能力很强，安全性很高
240,041158005.IB,11康缘集CP001,A-1,短期信用评级,中诚信国际信用评级有限责任公司,20110516,投资级,为最高短期信用等级，其还本付息能力很强，安全性很高
241,041158005.IB,11康缘集CP001,A-1,短期信用评级,中诚信国际信用评级有限责任公司,20120629,投资级,为最高短期信用等级，其还本付息能力很强，安全性很高
242,041158009.IB,11宁交投CP002,A-1,短期信用评级,中诚信国际信用评级有限责任公司,20110927,投资级,为最高短期信用等级，其还本付息能力很强，安全性很高
243,041158009.IB,11宁交投CP002,A-1,短期信用评级,中诚信国际信用评级有限责任公司,20120618,投资级,为最高短期信用等级，其还本付息能力很强，安全性很高
244,041158010.IB,11巨化CP001,A-1,短期信用评级,中诚信国际信用评级有限责任公司,20110523,投资级,为最高短期信用等级，其还本付息能力很强，安全性很高
245,041158010.IB,11巨化CP001,A-1,短期信用评级,中诚信国际信用评级有限责任公司,20120514,投资级,为最高短期信用等级，其还本付息能力很强，安全性很高
246,041158011.IB,11新中基CP001,A-1,短期信用评级,中诚信国际信用评级有限责任公司,20110916,投资级,为最高短期信用等级，其还本付息能力很强，安全性很高
247,041158011.IB,11新中基CP001,A-1,短期信用评级,中诚信国际信用评级有限责任公司,20120507,投资级,为最高短期信用等级，其还本付息能力很强，安全性很高
248,041158015.IB,11华谊兄弟CP001,A-1,短期信用评级,中诚信国际信用评级有限责任公司,20110923,投资级,为最高短期信用等级，其还本付息能力很强，安全性很高
249,041158015.IB,11华谊兄弟CP001,A-1,短期信用评级,中诚信国际信用评级有限责任公司,20121115,投资级,为最高短期信用等级，其还本付息能力很强，安全性很高
250,041158017.IB,11粤海CP002,A-1,短期信用评级,中诚信国际信用评级有限责任公司,20111012,投资级,为最高短期信用等级，其还本付息能力很强，安全性很高
251,041158017.IB,11粤海CP002,A-1,短期信用评级,中诚信国际信用评级有限责任公司,20120718,投资级,为最高短期信用等级，其还本付息能力很强，安全性很高
252,041158018.IB,11大国际CP002,A-1,短期信用评级,中诚信国际信用评级有限责任公司,20111108,投资级,为最高短期信用等级，其还本付息能力很强，安全性很高
253,041158018.IB,11大国际CP002,A-1,短期信用评级,中诚信国际信用评级有限责任公司,20120515,投资级,为最高短期信用等级，其还本付息能力很强，安全性很高
254,041158020.IB,11江山股份CP001,A-1,短期信用评级,中诚信国际信用评级有限责任公司,20110916,投资级,为最高短期信用等级，其还本付息能力很强，安全性很高
255,041158020.IB,11江山股份CP001,A-1,短期信用评级,中诚信国际信用评级有限责任公司,20120627,投资级,为最高短期信用等级，其还本付息能力很强，安全性很高
256,041158021.IB,11岱海CP001,A-1,短期信用评级,中诚信国际信用评级有限责任公司,20111129,投资级,为最高短期信用等级，其还本付息能力很强，安全性很高
257,041158021.IB,11岱海CP001,A-1,短期信用评级,中诚信国际信用评级有限责任公司,20120626,投资级,为最高短期信用等级，其还本付息能力很强，安全性很高
258,041159002.IB,11清控CP001,A-1,短期信用评级,中诚信国际信用评级有限责任公司,20110601,投资级,为最高短期信用等级，其还本付息能力很强，安全性很高
259,041159002.IB,11清控CP001,A-1,短期信用评级,中诚信国际信用评级有限责任公司,20120112,投资级,为最高短期信用等级，其还本付息能力很强，安全性很高
260,041159002.IB,11清控CP001,A-1,短期信用评级,中诚信国际信用评级有限责任公司,20120627,投资级,为最高短期信用等级，其还本付息能力很强，安全性很高
261,041159003.IB,11北电CP001,A-1,短期信用评级,中诚信国际信用评级有限责任公司,20110715,投资级,为最高短期信用等级，其还本付息能力很强，安全性很高
262,041159003.IB,11北电CP001,A-1,短期信用评级,中诚信国际信用评级有限责任公司,20120627,投资级,为最高短期信用等级，其还本付息能力很强，安全性很高
263,041159004.IB,11铁十九CP001,A-1,短期信用评级,中诚信国际信用评级有限责任公司,20110826,投资级,为最高短期信用等级，其还本付息能力很强，安全性很高
264,041159004.IB,11铁十九CP001,A-1,短期信用评级,中诚信国际信用评级有限责任公司,20120626,投资级,为最高短期信用等级，其还本付息能力很强，安全性很高
265,041159005.IB,11闽能源CP001,A-1,短期信用评级,中诚信国际信用评级有限责任公司,20110616,投资级,为最高短期信用等级，其还本付息能力很强，安全性很高
266,041159005.IB,11闽能源CP001,A-1,短期信用评级,中诚信国际信用评级有限责任公司,20120314,投资级,为最高短期信用等级，其还本付息能力很强，安全性很高
267,041159009.IB,11北车CP003,A-1,短期信用评级,中诚信国际信用评级有限责任公司,20110913,投资级,为最高短期信用等级，其还本付息能力很强，安全性很高
268,041159009.IB,11北车CP003,A-1,短期信用评级,中诚信国际信用评级有限责任公司,20111026,投资级,为最高短期信用等级，其还本付息能力很强，安全性很高
269,041159009.IB,11北车CP003,A-1,短期信用评级,中诚信国际信用评级有限责任公司,20120615,投资级,为最高短期信用等级，其还本付息能力很强，安全性很高
270,041159012.IB,11九州通CP001,A-1,短期信用评级,中诚信国际信用评级有限责任公司,20110519,投资级,为最高短期信用等级，其还本付息能力很强，安全性很高
271,041159012.IB,11九州通CP001,A-1,短期信用评级,中诚信国际信用评级有限责任公司,20120807,投资级,为最高短期信用等级，其还本付息能力很强，安全性很高
272,031490253.IB,14永煤PPN001,AAA,长期信用评级,中诚信国际信用评级有限责任公司,20140630,投资级,受评对象偿还债务的能力极强，基本不受不利经济环境的影响，违约风险极低。  
